loss,advantage,reward
12.61206827919031,-8.97649,-0.53025115
2.9814139954068444,-5.706381,-0.4175872
2.938311353822549,-5.5782557,-0.46944204
2.4528277838094668,-4.282003,-0.44265783
3.549854764714837,-3.2360127,-0.53486866
2.670421786521162,-4.1453657,-0.5717755
1.1467343892902135,-2.029291,-0.4941121
4.962679661342076,-0.28289294,-0.47280866
4.412536288453983,1.4638945,-0.12206071
1.6846529239633432,1.8901138,-0.047069196
1.5678448932786142,0.6334673,-0.06982456
1.7756985008716584,0.97702944,-0.049473815
1.8844283904020602,0.30913642,-0.098927505
1.134655039356305,0.30720666,-0.09826855
0.9406564890335386,-0.021749513,-0.11658861
1.8411645407860096,-0.9645631,-0.20816782
0.2957274180825236,2.014647,0.0137976995
0.5912268138848819,0.2080967,-0.095019445
0.3930944105944976,1.3996356,0.04992772
0.32345211812568236,1.1721029,0.07224542
0.23312924217256106,1.0024594,0.09971603
0.2071816338278725,0.90039057,0.13341461
11.222551724572106,1.880329,0.067362465
17.400503897121975,2.9128895,-0.14448935
1.4075511508103875,0.18861072,0.13089769
0.7001583938329637,-2.4994638,-0.054097716
2.684614322565753,-0.20918682,0.09226771
0.5974426272532178,-0.2139809,0.053492047
0.5845286973803822,0.28751102,0.1562272
0.7996389102889225,0.5213088,0.09565236
0.6037502935815672,-0.38576472,-0.086302444
0.574138790610082,0.43468285,0.14777784
0.6589530512900843,-0.12546116,0.09255733
0.4001092643684435,2.1885512,0.24503557
0.8622143348838602,0.8414014,0.030277189
0.13049787304045588,1.429391,0.20076649
0.15288080684515326,1.2481654,0.21446069
0.3358233406055613,1.242221,0.25077802
0.5552415999596101,1.1365126,0.2678444
0.461397510381819,1.2820332,0.30491838
0.5596600556542335,1.0007788,0.30309156
0.4817747897607389,0.91030765,0.3197304
0.38813677232614474,0.5680474,0.29177344
0.5692013127708873,0.6611166,0.33970124
0.697988925050748,0.64047045,0.35687637
0.7756434811164805,0.6208019,0.36725718
0.7883835098023487,0.75637853,0.3994282
0.7579151277817212,0.39149418,0.37303683
0.8953954804965242,0.40310735,0.35808948
0.8486316083914094,0.3801784,0.3757587
0.8920239227578828,0.500906,0.41635403
0.6946124132448337,0.5797798,0.4560512
0.7004021641107995,0.38736883,0.44692013
0.6927736398829311,0.33976412,0.46866637
0.5999326243562685,0.3008918,0.48112398
0.653586433779571,0.090691134,0.47467715
0.6037901013090715,0.012609637,0.47517675
0.6467717023156992,0.025538238,0.47178975
0.5615374904207804,0.2329511,0.49817836
0.47602613541778627,0.3152994,0.508122
0.4636324680588403,0.3257356,0.52198654
0.4143623651371716,0.2457763,0.5340881
0.370952007826213,0.26298034,0.53824365
0.3277997133148077,0.34608275,0.5467412
0.2744152513027682,0.22222418,0.5427795
0.3219273375904003,0.05186947,0.5302656
0.2817826601944782,0.17096697,0.551514
0.24950566078935352,0.19341709,0.5543859
0.22187070353795865,-0.14277561,0.523141
0.2499232407319513,-0.015120549,0.54254216
0.19128971687671575,0.04458756,0.5579635
0.20204331445251847,-0.027684784,0.5543737
0.20497321361532578,-0.16828856,0.534696
0.1934068716620351,0.11326692,0.55518895
0.20030131759674666,0.12939264,0.553939
0.20172449433500622,0.030147178,0.5539769
0.20509549345821143,-0.099181645,0.5353916
0.1756936288072349,0.12692818,0.55684215
0.17183156395310556,0.14025012,0.55974174
0.15195097763091325,0.16153795,0.56356853
0.1476144601805852,0.13094465,0.5586264
0.15893316951058395,0.028931873,0.5516305
0.126880851176332,0.10078306,0.56193805
0.13420658502482125,0.05974246,0.5642642
0.14384920032428844,-0.04151312,0.5544773
0.13630206952178545,-0.0051758364,0.56055933
0.15140577353168647,0.028716456,0.5650851
0.12379829105808512,-0.0030062192,0.559772
0.11824057829330911,0.013106757,0.5670131
0.10931896317299905,-0.03268249,0.56268126
0.11775476089995969,0.008484306,0.56756884
0.1257399159420159,0.002052577,0.568956
0.13082257286819454,0.020385938,0.5710352
0.09407642463037928,0.008108916,0.5732678
0.09294278773550804,-0.05958709,0.56876004
0.09249667086689682,0.05526858,0.56971294
0.08762790932760134,0.042474277,0.5762113
0.0845926023291035,-0.04134295,0.56959575
0.18794434032310825,-0.2777592,0.54034245
0.26436527649534275,-0.3419247,0.5240792
0.2348901038297585,-0.27687424,0.53182226
0.23684264350518747,-0.1868828,0.52950287
0.17385684762927858,-0.099580854,0.5458911
0.3008580963518266,-0.19562314,0.5365611
0.2431824003274624,-0.24445117,0.5283676
0.22882751331920478,-0.06105807,0.5432253
0.1896509330666491,0.10783101,0.5601967
0.16780059529775446,0.08712354,0.5626475
0.15789588112793454,-0.023018,0.55431885
0.14125965480170735,-0.0023631058,0.55908793
0.1369747651364286,-0.09551742,0.5545267
0.12641128496768383,0.075351745,0.5705678
0.10507693252270366,0.063836984,0.56983805
0.11361444780910081,-0.08225568,0.55476636
0.12835450869585788,0.017278234,0.5549929
0.19730439002246974,-0.14324273,0.53703004
0.1336083755261459,0.04979803,0.55797696
0.11966100630606269,0.12487102,0.5661667
0.09305673157612046,0.13490535,0.57383704
0.08929580633252204,0.10110733,0.5697698
0.08820413873582096,0.033068165,0.5634071
0.08928552760977994,0.110444605,0.56831306
0.08371037711604283,0.104853265,0.5738636
0.0853094114309975,-0.022809712,0.56551003
0.06677051295127187,0.13910967,0.57766414
0.06288022623857954,0.07637498,0.57629454
0.06763292005019529,0.10782944,0.5783034
0.06729851721652917,0.017487885,0.5757294
0.06782272712788084,0.08291435,0.5811546
0.05795859668936048,0.030819224,0.577396
0.06249574187856454,0.037655998,0.57491845
0.0691309182571022,-0.039549083,0.56929946
0.06315066550622929,-0.113750674,0.56570476
0.08292366513306951,-0.03553558,0.56728685
0.09238410739207661,-0.00070903543,0.57154006
0.11225685228808568,-0.13947834,0.54877514
0.08664669456799606,0.061847758,0.56213075
0.0738261886980835,0.05522608,0.57137376
0.07619573307929786,0.017312443,0.5734825
0.06963920728518412,0.01655804,0.56930643
0.06471800743469171,0.09512246,0.57370716
0.06118287379556632,0.012499362,0.5737789
0.055232162375699036,0.013267252,0.57777584
0.061594308336766865,0.06082844,0.57806647
0.05044782244651527,0.021793589,0.5737704
0.0754273542160025,-0.059199296,0.5628906
0.0617439545113798,0.02407865,0.5747733
0.10826573650506172,0.059610598,0.5700866
0.057426164405686514,-0.005565381,0.5740065
0.06341180284824836,-0.00038208757,0.5737468
0.05221446450881578,0.03487243,0.5780893
0.05141987224856576,0.01257041,0.57656515
0.046833269335738906,0.01053243,0.57574654
0.04989162899103466,0.06457032,0.5796519
0.06512825768195338,-0.07139486,0.5685945
0.07233211245346856,-0.06324768,0.5704128
0.07701503051395871,-0.012174695,0.56518364
0.0751123955022994,-0.014824269,0.563689
0.10798556252167775,-0.06820071,0.55954343
0.08204847273181427,-0.035046313,0.56276244
0.07241435767571022,-0.00083533465,0.5661288
0.06699893793111647,0.061817575,0.5691855
0.0571605977587975,0.10712214,0.5733871
0.05158796382433438,0.10571352,0.5790137
0.05579471677930637,0.054509863,0.5713747
0.059055180874399905,0.026940912,0.570723
0.04582196606691558,-0.0045306426,0.573585
0.04955786451451726,0.016921034,0.57155395
0.04533154400956017,0.01926545,0.5694316
0.05279434623421876,0.040400304,0.57198125
0.08235625979705499,-0.097782716,0.5434421
0.05916480256301727,-0.051273882,0.55635774
0.05628302217021093,0.05123994,0.56391686
0.05579865684262016,0.059316576,0.56819654
0.05684110855786027,0.10976546,0.5720952
0.053223178548799766,0.07515769,0.56612164
0.05471181596809051,0.10973537,0.5686598
0.0650840716366912,0.019200258,0.5651364
0.055918644665443634,0.019447014,0.56780714
0.03849731791191376,0.057993155,0.5741927
0.04335897140245844,-0.03644681,0.56543016
0.04414127049701554,-0.015005989,0.56883186
0.044958152372881276,-0.10365098,0.5597493
0.04701503773107306,0.06307291,0.57155037
0.03666466629849031,0.008499289,0.56852406
0.061345087977556084,0.029185882,0.57261544
0.04962831521120209,0.04695917,0.5741165
0.06333339463714716,-0.027038587,0.5690402
0.0625731984661012,-0.033754006,0.5690153
0.07658799726475071,-0.11699925,0.5556408
0.06529654179177768,0.0055969306,0.56578827
0.06532880115762844,0.04078765,0.56993777
0.055538711070262814,0.024385912,0.56923926
0.06275743277927677,-0.014394499,0.5645479
0.054578621919152505,-0.027608043,0.5656953
0.039170416087533036,0.015236956,0.57012135
0.057122126922191103,-0.09083436,0.55502784
0.046990695841234636,0.04418217,0.56455374
0.055222019788983105,-0.0015233128,0.5609432
0.07030416959835278,-0.026383847,0.55859977
0.05356162265270621,0.06765854,0.57038367
0.07605353542531912,-0.041432396,0.56544507
0.05768008782108734,-0.052504472,0.5643269
0.05568954972775428,-0.008084231,0.5669149
0.04613653205114564,0.023864746,0.5701183
0.042469671677061165,0.09705929,0.5736459
0.05329020472749937,-0.06680288,0.55997854
0.038541749934819375,0.04598465,0.5729595
0.04480054065175764,-0.010906999,0.57122856
0.06284144689175454,-0.13015828,0.5549481
0.06125607368157624,-0.0864053,0.5595131
0.05264114929260788,-0.036484767,0.5640339
0.04886161149939993,-0.09393806,0.5685317
0.05108586238881389,-0.052727688,0.56904685
0.06522274459906659,-0.07970663,0.56389886
0.05697015374325789,0.0042579775,0.57833457
0.06087264815816185,-0.013008924,0.5775388
0.04858379407386695,-0.13240743,0.5652972
0.04505680187185714,-0.114084624,0.5678729
0.053448459942835376,-0.103883065,0.57067126
0.041551966031833566,-0.045079254,0.5718704
0.054474485028985435,-0.025916226,0.5776653
0.04225737995130348,0.020594388,0.58441854
0.039515883849299216,-0.015059879,0.57801086
0.041327994322547544,-0.0012778585,0.57679325
0.03702969130374246,0.028512428,0.5782843
0.02952307505717317,0.029571611,0.5782243
0.0428011564431446,-0.0010989818,0.5740885
0.03424835704655929,0.08022212,0.58614707
0.06687672570511535,-0.03307736,0.5773438
0.05984433936425945,-0.1007819,0.56975144
0.04614873470104003,-0.06705709,0.5727385
0.04542130517312786,0.049157295,0.5848689
0.05785694221587299,-0.12257343,0.56962794
0.05698974597789756,-0.17165518,0.5661481
0.037894810134606376,-0.02799509,0.58198684
0.04524168366586769,-0.08324898,0.57533866
0.06188432397750708,-0.28146073,0.5529232
0.04868705084322245,-0.051416293,0.5730381
0.05409714364989118,-0.09368526,0.5678116
0.047365945410188084,-0.07547184,0.5729009
0.03708029932577859,0.0321186,0.57989216
0.03408448969883906,0.042062797,0.5845836
0.04115846973751764,0.0044030184,0.57681686
0.054125491957088094,-0.03203674,0.5763048
0.05080540062081847,-0.02794965,0.5785018
0.04939857841888955,-0.03852805,0.5746675
0.06516713752216854,-0.10713321,0.5644557
0.05022310851919618,0.01800756,0.5806045
0.05370802191710407,-0.021709232,0.58022755
0.04146415555542642,0.035205908,0.58122814
0.0615511410943345,-0.01391499,0.580921
0.033703264066396836,-0.021518508,0.5800484
0.039406507497878523,-0.014489669,0.58203983
0.04937239727169111,-0.030092737,0.58064586
0.032757213788700626,-0.0027183697,0.58761585
0.041363130603804366,-0.03147378,0.58157307
0.0442612024887905,-0.05600617,0.581163
0.0363157694236181,-0.029873343,0.5815633
0.04425198171349181,-0.021233846,0.58148426
0.026581134875765543,0.04046314,0.5858357
0.03272691120567558,0.0130253015,0.58256376
0.03145845527177329,-0.07911804,0.5768842
0.039058831811237794,-0.0010602637,0.58175796
0.022490689401197566,0.050719935,0.5868827
0.03233144018532974,0.043312475,0.5857484
0.04552650370031268,-0.08866624,0.5685042
0.039203789126905766,-0.015880017,0.58334243
0.0303704655389455,-0.023990415,0.5832682
0.04498390346008179,-0.0027121217,0.57938445
0.04230441491661982,-0.043540712,0.57455355
0.042317317459773234,-0.07446534,0.5700957
0.04654587933118199,0.030420175,0.586405
0.03303790669867789,-0.015550096,0.5808865
0.035838691375658406,-0.051463433,0.57671213
0.04136962223736631,0.05680913,0.5885218
0.03031382743105456,0.029270086,0.5876845
0.02843232774288281,-0.012934369,0.5834213
0.033267557258093425,-0.043014336,0.58288705
0.042677858041415176,-0.12973927,0.57685935
0.03752278963799824,-0.0040699206,0.58549225
0.03362050586042332,0.042423047,0.58763576
0.03981777582972587,0.0063362624,0.585866
0.044001575924537996,-0.076639,0.5801773
0.03166423468205791,-0.06859352,0.57767045
0.047208040244467966,-0.03987709,0.582265
0.03999912027208196,-0.011254553,0.5837472
0.034875125593536505,-0.005791637,0.58343375
0.03800920118014891,0.026765091,0.5897181
0.03209722696609058,0.05071156,0.5890634
0.024799176025521626,0.016665833,0.5861609
0.045164534533089336,-0.059016608,0.582013
0.02451773499353574,-0.028407982,0.58610314
0.03505315455618304,-0.09394656,0.5791502
0.025813724889655363,-0.0799266,0.5792183
0.043883505803788754,0.0019932995,0.58576083
0.06100609478755639,-0.03368142,0.5789501
0.030447184651025704,-0.00896576,0.5841183
0.023052719171762794,-0.022332793,0.58080894
0.032605681882782296,0.0034624476,0.58509576
0.04847130106455022,-0.19894128,0.56403613
0.04646620432221955,-0.003108187,0.5815129
0.03201009913808205,0.022173505,0.5868838
0.031803754768487846,-0.15272297,0.5707825
0.029571221655050477,-0.002935289,0.5846064
0.0258479255974129,-0.008805957,0.58083576
0.03349397143922173,0.0062362063,0.5820857
0.03719626752700616,-0.052640907,0.57655835
0.03128488637404619,-0.03755539,0.58040905
0.028578714336176494,0.018949134,0.58467346
0.031040131713540017,0.032676104,0.5840703
0.03033369355722443,-0.00106116,0.58054507
0.024901712694829638,0.034789205,0.586611
8.156942366361617,-3.4601958,0.08583186
8.333646575005158,-3.2725449,0.074944235
0.032495764855622916,0.0702516,0.57123786
0.031601220650168564,0.11796031,0.58028746
0.03092462163275251,0.12548736,0.57919526
0.03189507047369421,0.08208266,0.5761853
0.041427765053256856,-0.14520745,0.5593929
9.742553178981535,-11.281239,0.25719208
0.18258995910881312,-1.5987766,0.4941583
0.1224943520247445,-1.1397728,0.51825285
0.10873595132154751,-0.938459,0.5210561
0.08490682824709259,-0.58534986,0.54120713
0.12474402998707124,-0.48185667,0.54744506
0.08176426499672644,-0.2942745,0.559283
0.07661713723175145,-0.16969784,0.56440204
0.059360622098403315,-0.14499554,0.5682419
0.05382874777397284,-0.0626949,0.57623726
0.055299444808982884,-0.08818141,0.5683913
0.0671139930692184,-0.14074524,0.5631617
0.0769970722087137,-0.1355791,0.5617467
0.04276448461094073,0.023987157,0.5770463
0.048957209599787714,-0.08895718,0.56735164
0.06635510069451162,-0.08553764,0.56658083
0.06175668990628405,-0.030265613,0.5703461
0.05429906566432872,0.01835724,0.5746379
0.04815705147704908,0.06196215,0.5817102
0.028746139694332748,0.07765056,0.5816221
0.05621523433989221,-0.01929995,0.573522
0.039590067426663836,0.04154301,0.5780381
0.03558029247693472,0.11039905,0.58309704
0.03241484372436509,0.09681174,0.5857787
0.033524078902594005,0.06742579,0.5818207
0.052023331773477594,-0.073659025,0.5664741
0.04327749462839175,0.075139515,0.58031225
0.039098824255455,0.07124891,0.5798238
0.032169558709425915,0.11891022,0.58660966
0.0337720753584098,0.025043117,0.5783136
0.025373503825739843,0.06310367,0.580926
0.023481176457275727,0.09935478,0.5868101
0.042271307681451785,-0.06072679,0.5745138
0.060975215443215526,-0.09422248,0.5704784
0.041094306607495294,0.03140228,0.58271736
0.029573644219519017,0.0018553793,0.5799548
0.032846336456650235,-0.013909706,0.5799493
0.03548310822367177,-0.007962836,0.58169484
0.02468885516604552,0.053136732,0.5862498
0.02732590083114721,0.040843893,0.5851553
0.040810231400019194,-0.06460648,0.57522804
0.05367497030543266,-0.083659224,0.57133275
0.03589673932170966,-0.05672147,0.5744322
0.061233492342161605,-0.11753804,0.5656324
0.03502553003563822,0.025780475,0.5838622
0.02697868666744658,0.047610287,0.5846551
0.05169770374894142,-0.15465082,0.563156
0.05293920290134438,-0.016650995,0.57705605
24.29442782468266,0.81774914,0.07710654
0.0370108719745262,-0.08638096,0.581561
0.0683326469750686,-0.051749032,0.58050543
0.035345804646283716,-0.06095428,0.5782109
0.03114056980544394,-0.09054872,0.57676756
0.03002560182648537,-0.10140384,0.5796169
0.03446463707895888,-0.08292299,0.57791835
2.0810113512445243,-3.2943528,0.023761295
0.12417550612077281,-0.5263745,0.5254354
0.13671479227369304,-0.46213317,0.5188892
0.11513167691058837,-0.26379567,0.5420995
0.06833224637986539,0.0070450637,0.57725936
0.0534589582247721,-0.017607247,0.57441944
0.04261517709591887,-0.030131776,0.5738011
0.05414717368740629,-0.25735638,0.55207014
0.06615567166603856,-0.37491572,0.53388596
0.06664808312656133,-0.25325996,0.5435664
0.053446872643717044,0.0328701,0.5696308
0.06045555921660347,0.077605516,0.5817333
0.06843966742138287,-0.035069045,0.5662529
0.09623975931247185,-0.046000376,0.56593645
0.03825572052663499,0.06566403,0.5823228
0.038051930209110074,0.062056907,0.58414894
0.03063398669709216,0.039006285,0.5845735
0.03109809094855746,-0.004986061,0.58003753
0.05444032745865675,-0.06830464,0.57311326
0.0468917031260719,-0.035148364,0.5783546
0.06954472048146712,-0.11541412,0.5676694
0.03569023211701558,-0.08073561,0.575998
0.04076136433979967,-0.044077367,0.5814105
0.037522801152215554,-0.06967918,0.5804628
0.03501208654021496,-0.12643678,0.57446223
0.041344406807815634,-0.15128516,0.56990796
0.0474785318989102,-0.067838736,0.57701796
0.09368308398381367,-0.3193547,0.55286264
0.0813736658621129,-0.14620978,0.56410056
0.04189980485916629,-0.06590872,0.57450485
0.06777479544466178,-0.21351013,0.5548888
60.57617524376622,-1.5451366,-0.13436083
0.05964409766002343,-0.1436402,0.5626663
32.16942663490772,-2.3307128,-0.16961549
17.44354522336613,-1.2447037,-0.21406475
4.272461085766554,-1.7179458,-0.17237732
2.2717963745496395,-1.510441,-0.13461414
1.4345987535153444,-0.9703459,-0.15507987
1.1285636875512344,-1.2437029,-0.13637222
3.6815351566130463,0.25879112,-0.23220484
1.4640167132019997,0.17591926,-0.23424956
0.5231044869440106,-1.197106,-0.14966309
2.032043789003206,0.3304949,-0.17906745
1.4421795230844747,0.35091966,-0.17936637
3.4281849250676033,-12.599067,0.4007149
1.0149755354815473,0.57234573,-0.17240188
0.5248236155882477,0.4119779,-0.15822901
0.4710365646252675,0.5493713,-0.13328294
0.3089532910513559,0.47333777,-0.13724042
1.3018403322225618,0.2386856,-0.10218517
0.8077850626120644,0.54910153,-0.10589562
0.2439315965882054,0.27569377,-0.12772912
0.4036228546308297,0.5768797,-0.09792021
1.7761694798803227,-10.924652,0.3678535
0.7215177128599448,0.025158994,-0.10672527
1.231189289669919,-8.821942,0.3702125
1.1362826562685588,-7.397181,0.37060934
1.0630133065673657,-6.051015,0.35890475
0.8360033457764449,-5.0585065,0.36890078
2.7264114630849736,1.497527,0.06862484
1.1066342419682023,-4.3007956,0.34884948
2.9018166879103298,2.5574098,0.094605945
1.5224794785407456,0.9848857,0.07123384
1.9187314199773888,2.124263,0.10268183
0.6216339079169636,-5.0771956,0.34889108
0.4439029766334424,-4.2459364,0.3543924
0.3400493048290771,-0.13546817,0.39021614
0.35406501112595656,-0.16447815,0.38350135
0.8132646782975644,0.3524268,0.07437031
1.4780503714330873,0.62890637,0.2895151
0.38072754429661454,-0.013336552,0.37535223
0.3754363347335081,-0.03877833,0.38093236
2.9766244143247604,-1.3364898,0.06237305
0.3341898194123264,0.104034245,0.38327596
0.3306607448969755,0.12666875,0.39005652
0.31124508274482204,0.19955115,0.3973893
0.2681796136146391,0.24374755,0.40890393
0.2973594699967857,0.40792462,0.43463036
0.285619287083519,0.55164665,0.45479843
0.28019486969562024,0.8514318,0.4848073
0.317042370900348,0.72076696,0.48429823
0.2952006965318879,0.77173764,0.50162333
0.3481699944303913,0.48173445,0.48756555
0.42795347460719585,0.42106122,0.48282245
0.3668712291268857,0.35906732,0.49460208
0.476587442280827,0.39727053,0.50343937
0.47825371096381447,0.23661256,0.4946722
0.5857193582288021,0.10334777,0.4766449
0.6292988887736267,0.13384266,0.4861847
0.5775576866991244,0.1473993,0.49705246
0.5964287462875575,0.10051861,0.4996259
0.505091695380653,0.24663602,0.5318566
0.334043624086285,0.28555042,0.5419538
0.2150422598225075,0.34388167,0.5618515
0.18903864104873858,0.30099756,0.5554549
0.15198392582954942,0.24474832,0.5590727
0.15710718299906987,0.17106347,0.5527654
0.13730967854896745,0.15956055,0.5518548
0.11634984465827654,0.1543669,0.56439644
0.10718659988103005,0.13977592,0.56831723
0.09502645044782004,0.18775679,0.57504535
0.09732762519106433,0.11472323,0.569687
0.08370623636049229,0.086715706,0.5694552
0.09305527846113994,0.016958442,0.5648084
0.08433886994085797,0.053848345,0.5673804
0.08358586507470726,0.051616907,0.56471336
0.07741568767721509,0.07888848,0.5753559
0.0787038724939083,0.026048375,0.5723122
0.0875471303161684,-0.08213187,0.56085175
0.10137843820542752,0.0028272963,0.57016677
0.08687991072188367,0.021709321,0.57287943
0.06573692797345447,0.090332866,0.5797088
0.07649219792663724,-0.0933952,0.5614271
0.06501268494587678,0.07096617,0.58024085
0.08489821465952056,-0.062426545,0.5722882
0.06480864433223729,-0.033800527,0.573413
0.06084994189973388,0.01648822,0.573264
0.04537674388838011,0.041918024,0.5797926
89.34595162798377,-22.614563,-0.09254559
0.06412305736156938,-0.015239581,0.5724693
0.05709571728175813,0.045696203,0.5725009
0.04647294663445471,0.13768417,0.58679557
33.86745876489501,-20.68231,-0.05425256
0.0691499349069628,-0.04152994,0.56694627
0.05345649082930042,0.080685705,0.5764048
0.05615282851302034,0.050961565,0.57845426
0.046619413669456496,0.07486321,0.5821306
0.04327334614839037,0.013496243,0.57942283
0.04222999696916604,-0.008420053,0.5812175
0.04196181430450671,0.015756022,0.58256876
0.035268957736891704,0.030382121,0.586455
0.03214948732385432,0.02336834,0.58685404
0.06226036559462875,-0.08755284,0.5753392
0.027219424438918685,-0.011477361,0.5831547
0.0588566832217787,-0.1654009,0.5668383
0.06525901490494937,0.00519948,0.5818864
0.054505808429645475,-0.10662736,0.56607467
0.03303276838898495,-0.00013907078,0.5791127
0.03852215146748247,0.053470362,0.5867635
0.05352549259806727,-0.07248905,0.5740324
0.04287152542968045,0.0102729695,0.5822058
0.030668610752570432,-0.02977855,0.5814304
0.0331959312462381,-0.069677435,0.5768764
0.12556472932715174,-0.012655361,0.5815912
0.0410448447230098,0.002536722,0.58270353
0.03578724756673142,-0.043030646,0.57934153
0.03660007417611368,0.0113867195,0.582943
0.05994799102318811,-0.20564629,0.5601248
0.04080563019326591,-0.084013194,0.57459944
0.07225548819526212,-0.17763975,0.5606844
0.059022401063242455,-0.07788067,0.5642628
0.03292917689738365,0.052712563,0.5872828
0.038343875877722935,-0.016212119,0.5781757
0.037436032433799664,-0.0037379214,0.58037436
0.03372014549796234,-0.02404747,0.58119136
0.05662660821351213,-0.21000156,0.55630624
0.03549499867729597,-0.13897891,0.5686351
0.04518404875298614,-0.033493225,0.5798892
0.045804686577233314,-0.06272694,0.57775617
0.05603697721406326,-0.060604762,0.5788754
0.04126936814205332,-0.056557305,0.57721645
0.03628787312042582,-0.03953336,0.58385694
0.031781776865923796,-0.037850793,0.5821558
0.03207578302657866,-0.0662056,0.57840806
0.03128188514345131,-0.068005346,0.57315093
0.025006569001496167,0.04737717,0.57724005
0.05658690119264545,-0.09554058,0.5707799
0.07030213843744534,-0.057815753,0.5739447
0.04563350104450525,-0.018805115,0.5814319
0.029226609258861332,0.00019729523,0.58716816
0.023254690914322713,-0.03964045,0.5812431
0.03265388863365892,0.022616938,0.5910792
0.031462550234090496,-0.057384063,0.5833794
0.030762439728356326,-0.009771614,0.5880753
0.027716746200899502,-0.041210707,0.587014
0.025814823641513402,-0.035341084,0.5878853
0.014468831479917843,-0.039822932,0.58619934
0.045526375164288084,-0.07513704,0.57932323
0.03008700504632933,-0.10223707,0.5671733
0.02004709186933034,-0.02848723,0.58157116
0.023778541517536063,0.027751442,0.5864034
0.023998150491043105,-0.057092752,0.5754807
0.016199508734293037,0.00626484,0.58416146
0.02242856401110907,-0.10009628,0.57586926
0.021354634176407542,0.0047195014,0.58508664
0.0327204582903657,0.0054046423,0.58680004
0.008226179636728306,0.0018668233,0.58496565
0.02673108244253384,-0.009620152,0.5841731
0.04694323907022948,-0.21486689,0.5662371
1.838737827922412,-0.108521596,0.5777724
0.03296526464029819,-0.060051408,0.57787794
0.02024856904009869,-0.0010409576,0.5832334
0.04595962343102956,-0.1418198,0.56977737
0.032494724916069063,-0.008186782,0.58308744
0.029114166386834867,0.005794665,0.5867467
0.026126175684915796,-0.018451102,0.5875594
0.029836610244525656,-0.034608852,0.5841978
0.020240059669774314,-0.064019695,0.58263636
0.02791253606696705,-0.05395953,0.5843832
0.02711459331644269,-0.13786161,0.5768072
0.04722209648853475,-0.22268176,0.56650853
0.07999136860103725,-0.3010727,0.5538111
0.0780358139323173,-0.17720796,0.5614882
0.06450963332512222,-0.13363706,0.564573
0.08552055604080414,-0.12655239,0.56110996
0.04288211161291206,0.06891887,0.58194953
0.03552602534458696,0.015917385,0.57904035
0.04532647280063439,-0.10036269,0.56827646
0.05077814749718367,-0.015730532,0.57418245
0.04621176252182532,0.052067652,0.58389574
0.03408677280890745,0.030764302,0.5834984
0.027914564577187155,0.00095035124,0.5805737
0.0295829268221508,-0.00404552,0.5788528
0.056052907142624425,0.06117764,0.58682203
0.061029179636593704,-0.08368315,0.5725699
0.03714993867183943,0.010316458,0.5824358
0.04137824441787306,0.017133936,0.5833883
0.03096641757269646,0.012307913,0.5817719
0.025163872584414024,0.057666775,0.5853082
0.03803939339039581,-0.011109957,0.5802489
0.04444894584468924,-0.009352022,0.57914335
0.019835947217563023,0.0068838773,0.583286
0.021447785405831022,0.06583762,0.590253
0.022546217045695573,0.02478843,0.5870794
0.01998093768074126,0.0099260295,0.5848007
0.0220892870589927,-0.005414995,0.58634883
0.026470996514576805,0.016005062,0.58838093
0.013445675572851201,0.018386701,0.58978
0.016834212823433208,-0.045918494,0.58322036
0.016824617973927942,-0.047098882,0.5807884
0.013818052359498465,0.035349652,0.59186816
0.011525881342426107,0.0075548254,0.58848506
0.01711947687297732,-0.027683526,0.58483934
0.013448691554981601,-0.02751525,0.5837309
0.015663224660924503,0.020321688,0.58904624
0.007491957060992717,0.020869873,0.5888708
0.016667608848394272,-0.020877168,0.5867356
0.012995356447216902,-0.003838014,0.5887406
0.01920120963519746,-0.016403163,0.5883153
0.01812691168143199,-0.005908424,0.58689475
0.010531908867696484,0.005274998,0.5890974
0.02088758924157246,-0.09883372,0.58058536
0.016769275384044255,-0.14262609,0.5761116
0.01093594357002895,-0.0068637645,0.58478826
0.025630556089946858,-0.02926635,0.5830439
0.024757976948928374,0.04232673,0.5931202
0.016346641294044124,-0.035378277,0.58519876
0.010470779219253377,0.0018183913,0.58671445
0.018035533016158657,-0.026468141,0.5845825
0.012785229155036448,0.011215984,0.5890512
0.012497304233589343,-0.019309126,0.58417124
0.016490138983046944,-0.017173069,0.5871719
0.01741726714053324,-0.080226906,0.5781265
0.024576632940097824,0.0019480202,0.5892952
0.014732712856033347,0.009602107,0.5899045
0.052610566464999876,-0.025724897,0.58271635
0.02692043243446848,-0.02468259,0.58351964
0.024497000091187247,-0.05987718,0.58460957
0.01443742981815076,-0.020249845,0.5836128
0.012003731146291063,-0.018551014,0.58425593
0.021387752902049285,-0.09749521,0.57904744
0.01836788073673353,-0.1532174,0.56815416
0.02242512352334765,-0.098195754,0.57022685
0.010704137767245481,0.044219546,0.5863469
0.01074672223467912,0.008413534,0.58297795
0.07571653044831596,-0.45382854,0.5345491
0.10196368982135268,-0.38444296,0.5386878
0.10458972116911805,-0.28430912,0.544133
0.07474192221495476,-0.09511463,0.56516194
0.041526821135533055,0.06179398,0.5849305
0.03179301051689046,0.10264161,0.59144497
0.022564822548979915,0.046153493,0.58522445
0.01961620441525356,0.04581375,0.5844149
0.028780058712831565,0.004781941,0.58100224
0.02918483020144177,-0.050110318,0.57733303
0.018580701182913648,-0.030823892,0.57852983
0.013966839722674955,0.045042045,0.58596563
0.018103925698528905,-0.006155649,0.5791929
0.027458721839792127,-0.053367157,0.5774642
0.018358019397358646,0.030532405,0.5884367
0.0535872835416224,-0.091433294,0.57224625
0.023223020235219827,-0.005062417,0.58208495
0.05326954033819365,0.034759603,0.58902955
0.014419508701304725,-0.0306928,0.5817949
0.013521994281519246,-0.03601842,0.5856072
0.016314076691620296,-0.043084558,0.58104855
0.01513499294970553,-0.050369956,0.5799811
0.005417983348552998,0.017192146,0.5903369
0.015499974837886137,-0.06519,0.5790526
0.012340510019029562,-0.011171101,0.5860388
0.01831846313018884,-0.040424038,0.58400506
0.008890754162118986,0.015161759,0.5878571
0.010302698400567521,0.022817817,0.5889523
0.011850721393148978,0.0034489175,0.5877371
0.028552458998593655,-0.036941133,0.5820966
0.013490519362123131,-0.053246953,0.58160305
0.018673259035203154,-0.003652416,0.5841809
0.011471402418318686,-0.023615979,0.5838637
0.01233684391929553,0.019628393,0.58699656
0.031014128114700643,0.025678843,0.5914914
0.012510375928461223,0.009755122,0.588823
0.029911381434444544,-0.06861224,0.5796032
0.01680229890702681,0.026602296,0.5883905
0.017773454125438418,-0.04909569,0.58046883
0.016158877089210263,-0.01076792,0.5806675
0.016030357406566758,-0.007931951,0.586896
0.012894919561938598,0.0021493873,0.5866088
0.018453307598624583,-0.025428792,0.5836452
0.020509915865834925,-0.06818976,0.5759324
0.025944288245678602,0.010061639,0.5842909
0.01811499875878076,-0.043292724,0.576539
0.014520665271064409,0.039784912,0.58785
0.014902032765017434,-0.0023219287,0.5861588
0.016444179062823673,-0.032030232,0.58122385
0.0458579824377711,-0.09245418,0.5742097
0.05194544768656839,-0.056868523,0.57905895
0.011402889002974217,0.0020268648,0.5837157
0.03780784576476275,-0.04742928,0.5790158
0.027101462803944782,-0.0279066,0.5816815
0.01808389797724865,-0.007216194,0.58320737
0.02846102810556908,-0.0078027113,0.58268374
0.012488501392059273,0.06379542,0.5915088
0.0321817009075248,-0.0419793,0.5817127
0.010864221852600248,-0.014526757,0.5845362
0.011839037167297287,-0.0063877422,0.58536464
0.012176208069322856,0.002275976,0.5867082
0.020197526556490868,-0.07871402,0.5762643
0.019418023683458237,-0.11341904,0.571424
0.00936798067149389,0.019601788,0.5862962
0.008410943859758286,0.03499508,0.59000355
0.0043559662463491435,0.0017477801,0.58528084
0.006953445620179831,0.034725625,0.5901511
0.01023499199301823,-0.019616771,0.5850931
0.04056585231427472,0.0008617705,0.5873604
0.007200541768509608,-0.026419854,0.58490247
0.02030132836017471,-0.16185732,0.5727823
0.02478797391630136,-0.11619028,0.57261825
0.014995280085847927,-0.04052039,0.58355266
0.014441743104176208,0.040792186,0.59041816
0.011959813150812636,0.030112224,0.58848184
0.018455867327872542,-0.04980759,0.5779582
0.017584533739098154,0.028233947,0.5884463
0.016828558883619504,-0.017578844,0.58362746
0.007459410351220068,0.0066432906,0.58855015
0.0030040689701071152,0.003539654,0.58855635
0.00825126706816993,-0.06050942,0.5823156
0.012246795443838441,-0.1106241,0.5745894
0.008255702018901542,-0.088961065,0.57508737
0.012080062477962,-0.100282565,0.57534957
0.025730173073284197,-0.095743656,0.5675143
0.013979311224769106,0.0065701054,0.578928
0.008259290659001895,0.072145,0.5859419
0.021993740325445658,-0.032597233,0.57846475
0.0162410179343443,-0.004156693,0.5787944
0.01774949665150636,0.0033801557,0.5868875
0.014239490430720233,0.036627054,0.5868895
0.013458334320112245,0.0071915537,0.58613414
0.007663015101186849,-0.02270893,0.583705
0.00875805721874093,0.00783051,0.5878277
0.0032640158280648375,-0.034043476,0.58348495
0.0046251494404706325,0.03018402,0.5936645
0.011035704912187961,-0.036268182,0.58607537
0.005060133138814798,-0.019574074,0.585193
-8.485512357655463e-05,0.012120583,0.58765846
-0.00260172035913546,0.0044396333,0.5911839
0.005418251890060084,-0.05093512,0.58312035
0.0690073976854859,-0.15581903,0.57002467
0.045054369598094904,-0.13950372,0.5764963
0.021166413114047967,-0.043698683,0.5878316
0.02458605264958281,-0.032605324,0.58790755
0.008813766331544945,0.019597605,0.5915198
0.019191440423889147,-0.00136089,0.58992046
0.013832027834768479,0.008143614,0.5917436
0.00843655270718775,-0.01563038,0.5889587
0.008516804624430753,-0.0062990948,0.59055805
0.006524433920180405,0.012932613,0.5912053
0.007183597011512125,0.019646915,0.5911077
0.012412284970037884,0.022996947,0.5929575
0.010784487234080558,-0.065387905,0.58217514
0.010133441821518508,-0.0076599526,0.58629936
0.015686107866138548,0.012627642,0.5914527
0.008539122553071477,-0.06405893,0.58211803
0.008447449349562873,-0.018842507,0.58815527
0.008268411630119214,-0.07579586,0.5802202
0.12701904603269892,-0.063057795,0.5819658
0.016604201313271956,-0.13710189,0.576878
0.010427118760666676,-0.09000264,0.57856697
0.018291851704387546,-0.11339089,0.57140166
0.01842895927992496,-0.13456374,0.57014894
0.017796847709956078,-0.028960666,0.5786542
0.014067388225223992,0.014359062,0.5825281
0.0075505062006413935,0.06399886,0.59184813
0.0036863839839185986,-0.007782469,0.58611274
0.00796072042148028,0.022634802,0.5899639
0.0036736251538680804,-0.023434564,0.5836653
0.004008567191373843,0.0062814727,0.58699864
0.011725252452459964,0.004876055,0.58380896
0.009414620064198971,-0.0150824515,0.58732045
0.010864878953690385,-0.04010772,0.5822443
0.008974314494938641,-0.034291215,0.5824965
0.008671636351148834,0.012076602,0.5913601
0.005103541555927023,-0.019703045,0.58663756
0.005045350394160538,0.03692925,0.59325784
0.028774427400676757,-0.08049306,0.5826017
0.008521171878859564,0.015176212,0.59308213
0.020960548770419515,-0.015112079,0.5862734
0.0021453746692738037,-0.01848143,0.58555484
0.006258154999014441,-0.0070947716,0.5900874
0.004953335015369313,-0.021833166,0.587076
0.04666357194390762,-0.060800333,0.5825006
0.028677719156411322,-0.09552619,0.5765638
0.012798418616568977,-0.0110173,0.5862382
0.007465486817757834,-0.03423628,0.58642703
0.008394449196633074,0.01671475,0.59343946
0.008306977674774417,-0.05215182,0.5853654
0.005169937738555146,-0.045517474,0.5850389
0.003690126102499582,-0.09145651,0.582595
0.004371711172695671,-0.058853325,0.5815567
0.00879382523759217,0.017242683,0.59012544
0.024892643720812194,-0.08837944,0.57733417
0.029367885846276205,-0.09536399,0.5781115
0.006198173909970037,-0.015624828,0.58427674
0.009190328174813108,0.049999855,0.5933233
0.011622385234868788,0.022572773,0.5919028
0.007154451002172389,-0.011989416,0.5840837
0.006861688416492153,-0.0070870128,0.58514327
0.006721967887747419,-0.02871304,0.5845368
0.006820257218288524,-0.007929243,0.5855702
0.005073964140777077,0.0011502011,0.5851678
0.005866619821351308,0.030752394,0.5931787
0.004658959634847693,0.019845786,0.5929863
0.004367218334432487,-0.09624874,0.5816924
0.003225100084033969,-0.05225433,0.5856221
0.04007566066458821,-0.11368415,0.5779321
0.05748595496066488,-0.05301821,0.58302665
0.03488364203679529,-0.067422286,0.5792972
0.010275303117603392,0.030556511,0.59433717
0.033932158887836635,-0.051778056,0.5835545
0.00733857533004094,-0.023929158,0.5850426
0.013307664662722376,-0.024901966,0.5881642
0.01025100518038476,-0.03253668,0.58413136
0.01691193483585676,-0.059577975,0.5819303
0.00777876317398725,-0.07178882,0.58547294
0.008286072399549104,-0.065838404,0.58464134
0.014306629738964877,-0.09740494,0.5816592
0.013766091899475554,-0.0703833,0.5827444
0.016949880550318694,-0.038064763,0.58428437
0.013328404149429483,-0.05796598,0.5818147
0.010443125811743212,-0.034488425,0.586399
0.029866484768770553,-0.037201922,0.58273065
0.008346018227902088,0.03644167,0.59365857
0.012140102139388195,-0.060564704,0.58342534
0.0011201143166521092,-0.027259042,0.5857669
0.006930993432895495,-0.0011987657,0.5869586
0.007337277088478044,-0.025432225,0.5857507
0.0021468234354896205,-0.026477825,0.5907414
0.004318640149392925,-0.052806325,0.585261
0.003497117235233168,-0.06239884,0.58525705
0.0030948963071536885,-0.060059104,0.58649397
0.001000656047733603,-0.040834915,0.58903974
-0.00027294217045981806,-0.024259474,0.58660144
0.0013676245909716401,-0.012629116,0.5867185
0.020268260969852025,-0.12389117,0.5790328
0.012466915088531734,-0.10141786,0.5757603
0.00628813642926596,0.041641552,0.59283304
0.0024665776281975783,0.0067715626,0.5883323
0.004268539510257951,-0.052628886,0.5824694
0.016224251199145237,-0.01657369,0.5873497
0.002552928574547008,0.053828493,0.59366035
-0.0011871018618918381,0.011661679,0.5890901
0.029484385170533763,-0.05193835,0.5823293
0.00911199270225652,-0.0024423138,0.58984923
0.03458929963184746,-0.050795462,0.58245856
0.008697287850286606,0.029183215,0.58971876
0.020819925261395318,-0.05451967,0.58339524
0.022204646717061054,-0.040197387,0.58386964
0.013222073329469333,0.018234774,0.59222376
0.012702850755304099,-0.024731519,0.58659494
0.060182252865448434,-0.13027148,0.5739265
0.041154945647077903,-0.08933934,0.57072014
0.028667338110179037,-0.04148933,0.5771887
0.05953919001373943,-0.10043179,0.5712868
0.20042578168827427,-0.2693986,0.5530087
0.23736685500357693,-0.47652,0.5107803
0.09825714768125461,-0.086269,0.56128436
2.9989660980260893,-3.283305,0.08003835
0.10928643186259401,-0.038272716,0.5644707
2.736835289242513,-3.2929866,0.09225459
0.07165454312585867,0.020110138,0.56894535
0.8941046186692773,-2.4410748,0.14139685
0.14139771074629748,-0.048069846,0.5460395
0.08166254433547403,0.078115925,0.56487787
0.055985450181741635,0.12247735,0.5725908
0.062138559535800754,0.056885865,0.5668217
0.05099757283230077,0.04060209,0.5686744
0.04841852888526334,0.04736677,0.57085687
0.035752218283385366,-0.025983306,0.56728375
0.03582549948102007,-0.013500262,0.5691046
0.03115515893632239,0.040997326,0.5769068
0.03190753921805011,0.019186655,0.57816064
0.013268354925644267,0.055695668,0.5837456
23.43171038654766,-11.50926,-0.04328593
0.033941318453954795,0.006155984,0.5758663
0.02668999168018882,-0.060254324,0.56915164
0.0222966367049286,0.018534534,0.57791895
0.023796232054931123,0.07320879,0.58467734
0.03597095932136034,0.024828838,0.5810189
0.0170876445801376,0.025871418,0.58018714
0.015257989028980444,0.07853172,0.5862526
0.011333295464065377,0.056677386,0.5840926
0.010581972006258074,0.06115238,0.58719075
0.012053414595487354,0.04478477,0.5862435
0.01383019915710275,0.025456851,0.5860504
0.018389831876771137,-0.0680725,0.5785098
0.02081202067311976,-0.047182653,0.57969475
0.018530913372575255,-0.038831934,0.5800035
0.009833894616995867,0.0147512145,0.5857025
0.027589655384052912,-0.044254076,0.5797652
0.14144932948707878,-0.4036252,0.5429737
0.14870103235182527,-0.27649313,0.5497534
0.14219862614236362,-0.17208467,0.5562505
0.0526285688198366,0.019529477,0.5825213
0.031342185555578585,0.0035051778,0.5825916
0.02295811209970942,0.08317161,0.59126604
0.05149359324148723,-0.03809784,0.578477
0.08704634310616241,-0.12775482,0.56597775
0.031534116820401546,-0.017948324,0.58366024
0.02150651899422263,-0.015164641,0.58325636
0.02516611683888586,-0.07452924,0.57987875
0.043684305678439006,-0.1382611,0.56983954
0.023485604922727242,-0.011462811,0.5828144
0.013214683801672615,0.03224622,0.58673173
0.0701346420963387,-0.12896904,0.5661833
0.0701517595131728,-0.115688525,0.56751347
0.03719356868886849,0.011340701,0.58370364
0.034556922822535696,-0.0015869596,0.5818222
0.022557267284245935,0.015342266,0.5839027
0.023582879870638743,0.009793609,0.5835118
0.025173456702831682,0.0133267185,0.58519226
0.012255484058552391,0.009534409,0.58468366
0.008212058978298535,0.043241777,0.587985
0.03169526180538994,-0.047732238,0.57810944
0.018370741947175383,0.013363455,0.5843578
0.020330566711682867,0.008912241,0.586712
0.017053326695829957,-0.074078314,0.5806018
0.014361241399054672,0.020132506,0.5919551
0.01946472335586345,-0.077565804,0.582745
0.013350040814583446,0.022025548,0.5914216
0.0020182624230018027,0.02504984,0.5924104
0.008350964051640623,0.010551436,0.5912247
0.013757478849205014,0.0073937695,0.591641
0.008334967184934643,0.0017869653,0.5909658
0.0015732205485167738,-0.019471673,0.5904799
0.005727648269180413,-0.007257469,0.5902908
0.025305048515303775,-0.1605595,0.5697323
0.004303291003209549,0.006152541,0.5911129
0.020232145443231195,-0.08238733,0.5750676
49.72786796821488,-6.5064354,0.14638565
0.33128369405033337,-1.3164911,0.44334295
3.963795048611823,-1.7210925,0.19465609
0.2877509310358501,0.15676898,0.5219915
0.17078471143453658,0.15183337,0.5202516
0.1499438521765418,0.20183086,0.5353164
0.11049562421842263,0.2772583,0.5421252
0.10345926897579824,0.28954062,0.5473029
0.07099194267662344,0.3182156,0.5552459
0.059931078277692035,0.28567785,0.5571434
0.08529813367504994,0.21779631,0.55679876
0.2834889255046517,-0.07372684,0.5246661
0.33689751365434445,-0.18381685,0.5083126
3.5625388358539274,-2.7597544,0.10689436
0.8207553572531093,-0.26467082,0.48359656
0.6051313407425033,-0.17107478,0.48587286
0.5049416122012413,-0.035989173,0.50032747
0.3757059623542559,-0.016824909,0.5084894
0.2972379256776728,0.14701386,0.52889365
0.30756412014897383,0.04945848,0.5159102
0.3268410190808904,0.019351669,0.5186515
0.28661034387669393,0.06946101,0.52459663
0.3012644083134748,0.06215046,0.5241359
0.29813083847595767,0.102023505,0.5287811
0.19111164446060475,0.24576823,0.5505624
0.14295090831693386,0.23084511,0.55911404
0.09434528890915297,0.26369476,0.56434083
0.09348062351346016,0.283211,0.5709459
0.06732170762228114,0.28651303,0.5762291
0.06288729232746167,0.24338154,0.5757694
0.07560514337741411,0.17311868,0.5747122
0.049172210994248206,0.18063597,0.578257
0.06215615700111612,0.13581382,0.57589936
0.03585013551166752,0.15266435,0.58143944
1.8582950707882453,0.19084966,0.36013255
1.1544470689588404,0.20994452,0.3658969
0.8544605803426276,0.28222036,0.3718333
0.6688700325450206,0.16442396,0.36980262
0.6235710826325924,0.1130415,0.36825514
0.2028803576889274,-0.59535784,0.52453625
0.1446244856719296,-0.2247086,0.5516167
0.04464837856631685,-0.2389119,0.54669225
0.043394062885666614,-0.18490241,0.5474061
0.04036816032214479,-0.18154044,0.5452711
0.049121608673339034,-0.026765695,0.5587374
0.04011273198239096,0.07255589,0.5698252
0.031752803493700514,0.059361372,0.5698298
0.026504571051387996,0.08991696,0.57353514
0.06093979756173852,0.0671528,0.57039416
0.04846467631572223,0.08244824,0.5734183
0.05302979943414147,0.063282385,0.57093805
0.07491217748804407,-0.011475084,0.56337553
0.0794524361954613,0.0002907265,0.5657427
0.04684623616675918,0.073295176,0.5768406
0.05023018125485588,0.018061144,0.57171136
0.050617878550438436,0.037019763,0.5725169
0.037085703639825295,0.063785985,0.5789758
0.04690291510035212,-0.018138394,0.5701059
0.04409584832428903,-0.010513887,0.57409775
0.06621264211424105,-0.003924856,0.5766271
0.03832315301420269,-0.026618572,0.5741528
0.03740279718455705,0.052080408,0.5787158
0.06710221003659152,0.007387403,0.5705507
0.04150436648403059,0.013751844,0.5754911
0.033727565832272335,-0.043000713,0.57129097
0.03273498431380306,0.022942582,0.5758524
0.022040730415956004,0.04571823,0.58092123
0.025719383123361476,0.05520302,0.5824006
0.030681351083074952,0.011178891,0.5798305
0.03031212378784523,-0.03463104,0.57546747
0.04461286982091574,-0.0074805175,0.5763872
0.03023758186457249,0.025090335,0.57857406
0.032832275732205464,0.059915412,0.5811376
0.04365943693914093,0.040837906,0.58205473
0.029822062526798837,-0.012246494,0.577369
0.02411237310188321,0.009456468,0.5822788
0.02299099733930204,-0.008583417,0.5822471
0.023945186055255134,-0.03690415,0.5803541
0.027561989179351827,-0.08334976,0.57461226
0.023884463553613688,-0.083599,0.57390136
0.023308491962705995,-0.020854773,0.5805304
0.025809258680053793,-0.0016126304,0.578562
0.03675306319351216,-0.06208734,0.5729539
0.03848398403295285,-0.02072649,0.57603204
0.027166610595739476,-0.043797802,0.5741531
0.01670156467317061,0.024200495,0.58224577
0.03760572505889686,0.017442139,0.5803564
0.024255935745416107,-0.04206306,0.57577145
0.027733308855894503,0.0010612677,0.57863593
0.021125121503085882,0.0059294524,0.5816397
0.02008932233818776,-0.049242567,0.57627213
0.013993392400852926,0.018553441,0.58313525
0.017680214663128278,-0.03092699,0.58051056
0.024929048122612985,-0.12541656,0.5711218
0.04604970011205136,-0.11264797,0.5679421
0.01824556479230523,-0.019082954,0.5792892
0.026806660042563966,0.0037304582,0.5821864
0.030009660568947976,-0.020274272,0.58089525
0.02091547798897539,-0.057886723,0.57573515
0.01436235730894483,0.0024508978,0.5829153
0.061874744492777425,-0.04923076,0.5722168
0.009795521655744249,0.0010489774,0.5844322
0.014728768386642685,-0.03299928,0.58281994
0.016059535469163905,-0.076046206,0.57754654
0.017891311373889118,-0.10079786,0.57487243
0.017412970404007605,-0.080568284,0.5770239
0.01902335642315038,-0.060143292,0.5774057
0.03323246626715575,-0.120840095,0.57213914
0.01447727899527648,-0.031642444,0.57914025
0.04837331334108507,-0.11146457,0.5658439
0.02065961986657355,-0.052417863,0.577372
0.023661586205055426,-0.044787884,0.5746924
0.04239166987855192,-0.069825396,0.5695235
0.024809850974847655,-0.014360627,0.57715195
0.025126979987618033,0.007429554,0.57788545
0.0195972139191824,-0.00078457594,0.5776032
0.07708510498239936,0.018671844,0.5816203
0.027263937497941346,-0.034008816,0.57582176
0.016801095758411256,-0.004345567,0.57681
0.01606256154191854,0.033558466,0.5820247
0.010116835204004259,0.023583055,0.58228856
0.003741384411414901,-0.0115337605,0.5811115
0.02649279202692784,-0.05893986,0.57396203
0.012720040656871849,-0.030501872,0.575846
0.01143987884233286,0.044339214,0.5833367
0.01718409734378968,-0.028619388,0.5762199
0.027949270199124628,-0.107894845,0.56938934
0.01106816487038856,-0.033076305,0.576404
0.026707315598870372,0.009798561,0.5779591
0.01350304125634196,-0.00967625,0.5775928
0.01662589227494139,0.028140131,0.5807161
0.016239900413163744,0.0031346744,0.58016366
0.014352399019503987,0.03416704,0.57934725
0.009154869599452059,0.030423947,0.5792562
0.01026214348971025,-0.04577598,0.57226956
0.01742970383981918,-0.035210606,0.57148254
0.008661735842802694,0.06420402,0.5818673
0.01109264835428733,-0.0069231074,0.57563335
0.016184354260522914,0.046899483,0.58400255
0.05303700658421104,0.040239926,0.58345306
0.01514493793535691,-0.00022553172,0.57996774
0.011042411434822357,0.02217903,0.5831129
0.018051763870395147,-0.045063067,0.5758918
0.01170153726792925,0.068187445,0.5843932
0.010625589652048363,0.045608133,0.58184767
0.016807448316856727,0.09781757,0.58921796
0.014105090767063282,0.050897654,0.5862931
0.01934610611421394,0.01514612,0.5842096
0.03139237887481903,-0.030330872,0.57802135
0.024989846000386465,0.05365494,0.5887217
0.01954721578632246,-0.053686,0.5745302
0.010162865164392925,0.048370294,0.5870795
0.007558830243095264,0.021578593,0.58391076
0.012223325556164587,-0.005495784,0.58081514
0.019094895719049067,-0.049770277,0.57565093
0.022691609952394123,-0.021100992,0.57867396
0.024814717906557923,-0.0890424,0.571203
0.02063952198477237,0.033699386,0.58552736
0.010587347297837118,0.02272202,0.5880492
0.05363900462104069,-0.087204784,0.57241386
0.010227822918895181,0.0033256388,0.5836046
0.020312877034584245,-0.053681586,0.57708
0.010215887827287008,-0.009479722,0.5810238
0.053702737377895104,-0.13368383,0.56897664
0.02832736111399564,-0.12631837,0.5678921
0.04163526570363032,-0.03687975,0.57469827
0.0311853274148326,-0.028389536,0.58059245
0.03395857797034985,-0.022185901,0.58012575
0.028655945735236447,0.019553104,0.5846509
0.02462363902765971,-0.021900693,0.5759522
0.018604160289965817,0.02475738,0.5869215
0.02617574935574289,-0.037087113,0.5802684
0.033111025039720667,-0.003968124,0.5788934
0.016638239047152326,-0.0029598817,0.58054227
0.036394674833249915,-0.03018259,0.5809051
0.08506694996094966,-0.3346734,0.54381084
0.05728793263599113,-0.13997385,0.561415
0.034330702968310194,0.03392398,0.58057725
0.020233228172247226,0.09172726,0.5886035
0.016727345187708246,0.050159317,0.5850932
0.011580037896286,0.0743131,0.5903093
0.018056648232574975,0.013495364,0.5846241
0.011561606835041727,0.019892324,0.58682334
0.012506061411247804,-0.0031829083,0.5850657
0.028980644715151615,-0.060498443,0.5801174
0.018509057141267337,-0.023622628,0.5840317
0.013217973128411468,-0.009615123,0.58591294
0.02025311245429483,0.026149219,0.58975977
0.03812797530666812,-0.06422466,0.58068734
0.03191093591829905,0.0003539997,0.58812755
0.009700859633202736,-0.01424388,0.5889434
0.018734367866232827,-0.048773736,0.583314
0.01435568742454052,-0.08233823,0.58208215
0.030088107855888186,-0.042280257,0.58011115
0.03179980760481168,-0.040269416,0.5821401
0.020454977649867864,0.009321679,0.5865126
0.019642040896342024,-0.038192555,0.5844346
0.019120411074996648,-0.015662791,0.5887251
0.014416384618565604,-0.030592082,0.5867214
0.015755881160947977,-0.03377259,0.58683527
0.02019833170430182,-0.04780882,0.5855595
0.026097563512950808,-0.041150436,0.58577055
0.025903765928245837,-0.026186265,0.5875045
0.034127532339726506,-0.11929467,0.57642263
0.026280767202459195,-0.08969445,0.5790873
0.009006029192644815,0.0066602933,0.59047043
0.0118383068237249,-0.009107224,0.58804464
0.02315235319803213,0.0004074006,0.589249
0.012276262980322916,-0.035130884,0.58621377
0.014379084404189509,0.0035914155,0.5909563
0.019464443301638733,-0.017650925,0.5893865
0.003168013858721479,-0.02506857,0.5896433
0.018804377407490552,-0.034712937,0.5888829
0.01567175442086799,-0.037173264,0.58729696
0.004050742203349268,-0.029855087,0.5899541
0.009936085163236975,-0.13387161,0.5771415
0.005532186253426167,-0.020340597,0.5902965
0.014577085607081324,-0.08665216,0.5831942
0.012537491731959713,-0.030702101,0.588449
0.011580323017519581,-0.05412247,0.5865223
0.01641087417930856,-0.034794446,0.5882382
0.0089178558939398,-0.0718946,0.58135945
0.013219475544334112,-0.074221455,0.58190054
0.008442853035630433,-0.034177642,0.5856808
0.0038404893193516756,-0.04004195,0.5868675
0.008128954894676969,-0.0066276877,0.58900374
0.007016091119129579,-0.021286493,0.5899376
0.18864061349750186,-0.5742059,0.54003155
11.352102260624893,-7.1807046,0.051851064
4.2756147390400825,-5.44212,0.06576413
2.6778621603399517,-4.1399994,0.104764014
1.240639088768512,-3.4687333,0.11040239
0.52072339341754,-2.895283,0.1035975
0.5194303671270609,-2.1240606,0.1120791
0.8621091937739402,-2.4701283,0.10168682
0.7173843980164213,-3.242914,0.04395361
0.31350141104091617,-2.63544,0.05204607
0.6017409206926823,-1.5067456,0.040814154
0.07005543038657491,-0.052819945,0.5356925
0.04838215889707371,0.0045293877,0.54430467
0.04118194727333295,0.10733402,0.5567483
0.03911791212546329,0.12120917,0.56237125
0.022108457637174676,0.051069982,0.5580932
0.018260032676871082,0.1296506,0.5694505
3.1025757836678065,-0.123142056,0.2742259
0.16707137530432656,0.08310364,0.502514
1.9669332518592262,-1.8581438,0.22760436
1.4804531805217267,-1.0173075,0.25659138
0.20088347583159544,-0.5531613,0.4871483
0.16661324992351104,-0.44467038,0.49241775
0.12528773901673654,-0.32457563,0.50038564
0.12129025541107055,-0.21846603,0.50649524
0.08512896087363754,-0.16708106,0.50758153
0.07944919978301122,-0.0898555,0.51477987
0.0713946795642474,0.00081865914,0.5239925
0.05600701942141249,0.07650103,0.5299843
0.053976686324581115,0.07223614,0.5316892
0.03599467411710831,0.16192196,0.54278445
0.02533992113190164,0.16947865,0.54576546
0.04088309063033743,0.19756825,0.55339515
0.031461789230652674,0.108502336,0.5486924
0.03319413630667616,0.13934115,0.5535767
0.026388562386528702,0.14594252,0.5587018
0.03940076952485629,0.12419942,0.55854315
0.024848444160728993,0.1431886,0.5632065
0.17337295641518954,0.1872011,0.5338978
1.6452974079176783,-0.59803164,-0.08679428
0.06046688238839482,0.035918012,0.55197555
0.05443582560696261,0.055222627,0.5547604
0.05848398888585539,0.02006179,0.5516343
2.2232463289819218,-2.080752,-0.060460642
1.2196011827382094,-1.735928,-0.065168776
0.44638196004456593,-1.1033669,-0.023935916
0.5288919298443944,-1.0718312,-0.056446943
0.4111441849381663,-0.8404507,-0.055297457
0.18074044563314495,-0.39493707,-0.036679063
0.26959099758209454,-0.61508584,-0.04858269
0.36241617924957115,-0.4143067,-0.014225412
0.18773833922110497,-0.41994554,-0.039915632
0.19846886703744532,-0.4184495,-0.048162717
0.1158087756484747,-0.09557747,-0.020295803
0.17186672963986271,-0.117058545,-0.03536699
0.4694433521065447,-0.2824759,-0.054732516
1.1080258355678423,0.16563442,-0.015918696
0.1438708006845493,-0.06635467,-0.051371288
0.14429766619578005,0.21420565,-0.005300893
0.07641606251895428,0.35642034,-0.0022934792
0.3160050647782729,-0.3857292,0.47853768
0.14704032794882854,-0.16397229,-0.024443125
0.09416055354688849,-0.2986307,-0.0502795
0.055712447017431256,-0.21407638,-0.051854372
0.35864153389905834,-0.27983746,0.48839375
0.2823550798196887,-0.2585563,0.48865002
0.19231064618972976,-0.13019654,0.50483865
0.20823474786244334,-0.1683501,0.4946088
0.247820487662178,-0.047615297,0.50909406
0.22479383198908814,-0.00024841164,0.52055585
0.16864740426422853,0.097832866,0.5356122
0.0672746693309648,0.17511977,0.5529382
0.06661055886389121,0.07681468,0.546283
0.041419087950757064,0.17200157,0.5599806
0.04708272407728213,0.15417482,0.5654424
0.06732862235127908,0.08975746,0.5524394
0.03441386703077866,0.15123118,0.5674805
0.042751929484226785,0.11563395,0.55832005
0.03240155508921072,0.11872709,0.575161
0.03270257490109571,0.10648041,0.5696801
0.05126710781343607,0.015814861,0.56382364
0.06032993715591402,0.023456696,0.56974286
0.050369532014194286,0.022569476,0.5725945
0.04417633168252605,0.009965113,0.57183236
0.023819467174747075,0.061314866,0.584021
0.04115609586843404,-0.026749229,0.56910884
0.042302215082383014,-0.03250669,0.5766807
0.03097965373134796,-0.050061986,0.57211983
0.0616128405705176,-0.093871556,0.5681726
0.042712330548378655,0.014796011,0.57496214
0.04925161997211705,-0.009016924,0.5685591
0.03244762784707474,0.011671662,0.5779318
0.0536333077007153,-0.061703626,0.57111716
0.05425548343612861,-0.11267408,0.5587371
0.0657532156226552,-0.030823564,0.5680296
0.027392833068631915,0.007916969,0.57608163
0.0328037224979581,0.007261171,0.5801372
0.03666928248631098,-0.021739425,0.5761745
0.04487285132176782,-0.107390426,0.5662745
0.03473733270647037,-0.010548323,0.57605237
0.029977153331098398,-0.10336347,0.5575795
0.03381121132636944,-0.0644751,0.56499934
0.030831994707094957,-0.061695263,0.5669852
0.04924131938494758,-0.11547195,0.5605509
0.06095264873037388,-0.15869129,0.55087507
0.05964039789586118,-0.05819554,0.563374
0.023985775591728136,-0.0014296134,0.5709022
0.04803891526984476,-0.009096735,0.57151324
0.04209359396584005,-0.08116281,0.5679293
0.034389251071894375,-0.07142105,0.569395
0.04206213077546604,-0.06487536,0.56961
0.02521331191017995,0.0033597338,0.57785743
0.024267171090264526,0.0046907617,0.57697654
0.01914982074164998,0.029345604,0.58027935
0.014034635718021412,-0.011461653,0.57806206
0.022796130036371515,0.0051527373,0.5778187
0.02700546185175578,-0.033024054,0.57137764
0.026942362731298138,-0.034368392,0.572667
0.031879537604879916,0.022120716,0.58035964
0.014253222578196998,-0.015478419,0.5778985
0.03178924436685057,-0.08270955,0.5697684
0.027839746981401715,0.047301974,0.5810095
0.01347766729141177,0.017591298,0.5793944
0.012079206394570831,0.02827209,0.582347
0.00984119748954024,0.009024169,0.5806507
0.018926553095878804,0.0051230295,0.5751641
0.009160277061368616,-0.0003251489,0.57778907
0.033801923001699735,0.027876984,0.5770394
0.009869239657602617,0.0016843164,0.5773937
0.014516241936495103,-0.021531671,0.577536
0.02782748417230323,-0.072944626,0.57072705
0.020800492030633777,0.0025541193,0.5800148
0.013195231569350877,-0.029904643,0.5770486
0.015784231440384724,-0.0055696657,0.5784579
0.007214192327120111,-0.035180453,0.5742311
0.012318547182476481,-0.0480287,0.57246673
0.011527059037499211,-0.079946786,0.5731281
0.02003493218925217,-0.093184255,0.5682163
0.011915349366277847,-0.036580313,0.5748014
0.018258719177839205,-0.013209633,0.5772668
0.00758181507240663,-0.015213675,0.5778418
0.009745929968549465,-0.01044457,0.57742745
0.015595281536266077,-0.0222863,0.5769317
0.010439341539402671,0.007449771,0.5800543
0.030917789308117342,-0.062826544,0.5715279
0.009914005612974876,0.033481807,0.577263
0.019640957695440178,0.02713916,0.5790853
0.011348459500974665,0.0022093942,0.58006823
0.02243017513884983,0.010558682,0.5796686
0.01865124607973389,-0.029013053,0.5766878
0.03061311619740241,-0.014191758,0.5798846
0.013300461911498324,-0.023465091,0.5780621
0.018698404717929006,-0.022133997,0.5777532
0.011354456009678215,0.00032890655,0.5798314
0.021477415073630317,0.022484008,0.58185244
0.008872891285481226,0.021326935,0.581694
0.00824425504471247,0.037879772,0.5833235
0.00322553789908916,0.033632003,0.5812959
0.010428227060433608,-0.017674955,0.58010083
0.012610603194773655,-0.06554215,0.57175595
0.006713912185117766,0.007825394,0.5813392
0.005675320899350928,0.06648517,0.58943206
0.005402877273058498,0.008159255,0.5835612
-4.893369583801909e-05,0.06559304,0.5893618
0.008884287156213663,0.05082173,0.58832943
0.006583637975385053,0.039050855,0.58320254
-0.0009779160317409327,0.02804587,0.5851575
0.003138146656718883,0.014465399,0.5884947
0.0004008492409855455,0.043270893,0.5911098
0.001886875829812917,0.005528455,0.58999014
0.005601253833744552,-0.009597121,0.58902264
0.006556756627182231,-0.0797266,0.5777353
0.004250903284320464,-0.043018837,0.58189404
-0.0010372146972242677,0.010741932,0.58737355
-9.571006889209936e-05,0.004101407,0.5906935
0.00020162132997555952,-0.01616269,0.5851014
-0.0015271698179972041,-0.0069706226,0.5914005
-0.0019731588361441696,-0.026416864,0.58594924
0.0066594574334949514,-0.09896674,0.58179706
0.00851265186149823,-0.066130444,0.5840799
0.025204451196305044,-0.06690283,0.5815681
0.04181360373387865,-0.07084258,0.581048
0.012108235280797049,-0.020139547,0.5871292
0.10829508919044185,-0.041706875,0.5876473
0.04956860122773306,-0.017972253,0.58606833
-0.0016647449086655626,0.00077648304,0.5886443
0.00044454505339592366,0.028995788,0.59157836
0.004665488525201659,-0.023648934,0.58564353
-0.0023450128535566096,0.011267231,0.5905504
0.0053476972333513775,-0.030879192,0.5853576
0.0048847750560022316,-0.008339955,0.58917946
0.0015715325054722828,0.003582657,0.58998877
0.00801235394061103,-0.05630007,0.583267
-0.00178367391494768,-0.021986905,0.59025776
-0.0016747440629034907,-0.011237889,0.5911955
0.0001790086231143265,0.0077071222,0.5936687
-0.002200663172854827,-0.007955476,0.59162134
-0.005869747350749734,0.027471794,0.5941913
-0.0018180589222318523,-0.027407756,0.5890477
0.0014738036102646,-0.043378744,0.5850668
0.00325312830074772,-0.05004993,0.58620715
57.33082947514072,-20.720947,0.26000765
39.99825698364636,-21.51454,0.111632556
0.06320103149697348,-0.09571563,0.566921
19.542515786881594,-18.956339,0.11189863
11.722190185327781,-13.042726,0.22247787
0.10265362529391116,-0.1167287,0.55583256
0.06533357535499137,0.028112842,0.5736282
7.437170353968691,-9.349412,0.33231637
0.07757953057986694,0.0069669196,0.567159
0.02621038271892038,0.07773389,0.57851356
0.033109327491250014,0.101997286,0.58315593
0.013813268591209755,0.07183648,0.5832668
0.019576314224114457,0.06087327,0.5759468
0.019021629108996182,0.02441712,0.5806089
0.02010148736638027,0.023146624,0.57987446
0.01928251694003426,-0.010055738,0.57485753
0.013310103820288901,0.0074789645,0.57874304
0.014988473782381205,-0.011925242,0.5760117
0.00769911330971089,0.036946766,0.58642375
0.010704930565514408,0.012657271,0.5835841
0.007444257895451981,-0.0015236451,0.5890629
0.010678649210667872,0.005839123,0.5856328
0.01078462159179233,-0.06375835,0.58127064
0.012981861057271669,0.016553283,0.58202434
0.00424513185923723,0.028521137,0.5893761
0.006283706550184114,-0.036396444,0.5821329
0.004423698777189622,0.015700763,0.5900173
0.007312074162703203,0.015054184,0.5866394
0.0009134474261500464,0.021749176,0.5876758
0.009611238315578943,0.017308818,0.58479017
0.006036057034200365,0.015670083,0.5877613
0.011317899516424196,-0.04720026,0.57719076
0.003264537412395472,-0.026880508,0.57727003
0.006496067066154067,-0.017817449,0.5801842
0.0017069422337635044,0.037574902,0.5896072
0.011136845102035359,-0.02591116,0.58333635
0.03131203758632437,-0.15040354,0.56582755
0.07469469047125013,-0.16150169,0.5656029
0.02762952327867153,-0.04231618,0.57962114
0.024181310172813632,-0.040286973,0.57856816
0.06689979318680503,-0.0579997,0.5714462
0.02037158437980045,-0.040908217,0.5764674
0.011273484116444658,0.040431477,0.5869948
0.03908343172260846,-0.15142484,0.5544688
0.014092879132418842,0.037693437,0.5887399
0.016125202102978763,-0.055721454,0.5744455
0.03178519853247787,-0.07076039,0.56958264
0.016841541145920035,-0.0031506335,0.5794167
0.45230590019460865,-0.0032289824,0.5843894
0.028513383720347885,-0.035128087,0.5814957
0.023380521556623932,-0.027707668,0.5793484
0.01885836213018353,-0.04410904,0.5769372
0.05945531291811382,-0.18526834,0.53766483
19767.97311639223,-489.7076,-0.28186232
1.3238304330912583,-1.620885,0.0026428045
0.044666889413023006,-0.11295575,0.56439275
0.041529984190078015,-0.09092606,0.55493414
0.032967938110028565,-0.024059553,0.564902
0.8736421160089473,-2.4561903,-0.02245062
0.03343292283621339,0.048136238,0.5776062
0.034507843831460314,-0.019397214,0.5601448
0.014510538125676768,0.13322388,0.5864226
0.05947851431351808,0.06535773,0.5783429
0.01472054910139887,0.117097884,0.58659565
0.010475582668332609,0.07202535,0.5838529
0.01948413086686652,0.0137852775,0.57382005
0.018654014482111722,0.06349108,0.5861574
0.02399580196549113,0.019405829,0.5778585
0.03426816906575318,-0.01739179,0.5768393
0.03392366962998614,0.012347432,0.58244246
0.018991758817868246,0.0038567067,0.58159095
0.015719393084623983,0.04183948,0.5879833
0.007621057829973134,0.040460575,0.5894559
0.003227606099303607,0.05212876,0.5899888
0.0043713207774191765,0.022205457,0.5877186
0.006005293402288641,0.053734556,0.59133893
0.01321140382991551,-0.013128987,0.586664
0.00407182914317473,0.026039558,0.5910163
0.01445757561209765,-0.017211905,0.5850884
0.010105774799095734,-0.02844916,0.58246523
0.03895659746213274,-0.008632627,0.5849112
0.0648010093780173,-0.1382568,0.57243055
0.023612907284072466,-0.016977686,0.5846069
0.039822146874451014,-0.08041544,0.5754105
0.01891330215342229,-0.01801555,0.5806746
0.0827646381812158,-0.03882072,0.57259446
0.0663073719025683,-0.08579025,0.5692443
17876.342311471748,-564.4084,-0.28350073
14735.040879854305,-471.55215,-0.28474763
0.14125479506248761,-0.35612872,0.5005554
8702.953472927005,-399.30185,-0.2840627
0.04948034554290084,-0.0598441,0.5420301
5924.155324329147,-328.0772,-0.30160457
4380.565292310726,-262.86475,-0.30994177
0.05464676110790326,-0.029638942,0.5485785
2885.3508152845293,-228.56268,-0.30143467
0.10411501863357293,0.04305769,0.5433535
0.05835448562518606,0.17193581,0.55808365
2308.2407600894453,-217.85536,-0.28275108
0.04832770528046639,0.12014871,0.56246054
0.08977383057213913,0.049930934,0.54916364
0.09403768536950548,0.10060614,0.5549544
1659.3407720099879,-182.00621,-0.27828488
0.03724629204638384,0.20206292,0.5791837
1097.499560961058,-160.15378,-0.28380403
793.6985470000163,-127.87208,-0.28680202
549.8222643821294,-108.4734,-0.275173
348.14684729520667,-87.557045,-0.30214992
490.6626828454873,-117.66608,-0.29122895
155.36812296181685,-60.80109,-0.30367154
131.9005323715565,-52.655045,-0.29528955
80.84835636910312,-42.633057,-0.3008121
47.54485099250307,-36.305157,-0.29349214
33.362730285788956,-30.496279,-0.29227433
31.807382435029552,-30.806406,-0.2903475
15.997471850486688,-22.031649,-0.28067517
8.688035918393961,-17.287912,-0.30390155
18.978305455780866,-24.265192,-0.29128733
3.1519707382889464,-12.85755,-0.29013866
1.9503552109330096,-10.255223,-0.28577384
0.71883075307195,-7.751501,-0.29750544
0.7717448875207741,-5.388331,-0.30656806
0.6536048563010991,-5.2470136,-0.2986234
0.7305470124043467,-4.9527955,-0.2848063
1.4966672351414507,-1.9265772,-0.37031448
1.4338603875599802,-1.3683555,-0.30819806
1.1667270289375804,-1.1697625,-0.30874982
0.841603076482335,-1.2078173,-0.30595538
1.0302584072732581,-0.8664981,-0.3074091
1.1378161541401193,-0.33355126,-0.31149462
1.140289796562149,-0.56871927,-0.31213504
1.0932140917588884,0.17982164,-0.3128928
0.8615040884852284,-4.5015,0.341408
0.7971754829885623,-3.8029525,0.3554081
2.8895024316026743,0.9398456,-0.24419144
0.5857125319528587,-3.101423,0.36727723
3.6701409220237,1.8365023,-0.31574997
1.6270662159171816,0.7790918,-0.30685154
0.46873108667038055,-2.5717967,0.37782785
0.4166952611577563,-2.151952,0.39079356
0.3975287942732298,-1.801673,0.39385659
0.3439760724495175,-1.4221994,0.39522168
0.29569816569372914,-1.1473141,0.3987321
0.2696623388074387,-0.83021927,0.41892567
0.2507002963799652,-0.5858949,0.4323585
0.18296023165815123,-0.42306182,0.4255753
0.18114175473879254,-0.38243502,0.4391492
0.15512252445730706,-0.11277092,0.43436584
0.15766283774103682,-0.076564364,0.4338626
0.13794731027176305,-0.050633,0.44874683
0.15074898900464176,0.053705722,0.47335497
0.14442694176653956,0.18959458,0.48827645
0.16745126795145157,0.103086755,0.48585242
0.15888832279060985,0.1517791,0.4925454
0.1507070729684256,0.27235153,0.5086192
0.11430585567447307,0.26148078,0.5122441
0.12908890823784627,0.18819034,0.5093892
0.15069053306181138,0.18184648,0.5104216
0.13602972758705156,0.20086932,0.5167768
0.18487145661768553,0.08411653,0.50448114
0.16067467601071195,0.16057631,0.5152862
0.180900533773054,0.19629519,0.5227543
0.212819551875439,0.15618785,0.5214981
0.30665662032388674,0.05073089,0.50799257
0.20368453122046368,0.17971554,0.524593
0.2099770325554633,0.1702748,0.5238077
0.28712648307994465,0.026998136,0.50834304
0.286525174702534,0.15649429,0.5258749
0.30540817421329974,0.06075358,0.51802456
0.39298499074576654,0.03657086,0.5136424
0.3564545866824981,0.08315949,0.5227516
0.29186698940190436,0.14159386,0.53451204
0.31446666254196315,0.14934266,0.5415759
0.32363628764154817,0.0064524882,0.5214874
0.2243123307537574,0.17892057,0.5545764
0.21177679666287297,-0.02344244,0.5319554
0.1809109849122527,0.009457922,0.5418291
0.22166600130293723,0.021252789,0.54292
0.1375675483723427,0.015718479,0.5461068
0.11333392468983666,0.002443858,0.54627115
0.11300951553815669,0.090081744,0.55675447
0.15762243745991816,0.02661818,0.55248153
0.09566862403363972,0.028556092,0.5579028
0.09190922690207487,0.02911825,0.5553984
0.055791244092141534,0.045856737,0.5610582
0.06120545670472004,0.009536492,0.5548953
0.06034199655415458,-0.03228563,0.5519132
0.053758095400510256,-0.045507398,0.5480654
0.05805303790328795,-0.043810874,0.5440069
0.04802731698358452,0.06416411,0.5588957
0.07200277666520458,-0.04358842,0.55156267
0.05687605053831807,0.019038737,0.5553296
0.06380309564890442,0.038461085,0.5585579
0.047988332749477454,0.0065284274,0.5580323
0.04957459848456003,0.001014337,0.5589439
0.04202834598269764,0.056047607,0.56554776
0.04924392929771444,0.0011202736,0.5593889
0.051893845610361325,0.011175022,0.5597424
0.047663573323861584,0.04004314,0.56306154
0.03811691767198371,0.06242209,0.5677102
0.06230750000656961,-0.16433418,0.544551
0.07203500685567985,-0.19013022,0.543257
0.06793012310924766,-0.16384482,0.54290646
0.06341926392597648,-0.08838879,0.548296
0.046503316010185106,0.0019896098,0.55428267
0.12295992444832246,-0.27765036,0.52743524
0.06905173129309992,-0.05656231,0.5488105
0.06855280704381489,-0.16253437,0.53586334
0.10306131234372233,-0.13101123,0.53799015
0.07422801724037228,-0.04036818,0.54491633
0.08578536935996166,0.02805715,0.55696195
0.05347512559111202,-0.029446175,0.5523182
0.061860027843250745,-0.034493115,0.5536831
0.07031270414468294,0.041849565,0.56001633
0.084601881589716,0.001923002,0.55602294
0.09661994452834846,-0.19560848,0.5299186
0.07396148766121385,-0.045042228,0.54607457
0.06738608065040848,0.05894034,0.55597055
0.0381532563883076,0.05720511,0.55742586
0.04187037824518292,0.04295944,0.5594685
0.06848321110357351,0.030038621,0.5608422
0.0837337508059924,0.03272523,0.55914605
7.14443758673345,-3.6574178,0.063935146
0.09377982933115084,-0.017075025,0.54669774
0.062427476136495866,0.11345579,0.5639094
0.07276324115212623,0.050664507,0.55733377
0.11091565703052086,0.036379177,0.5601989
0.07278912124967431,0.09321829,0.56568235
0.07194502862525712,0.068540886,0.56623024
0.05245508684985046,0.093187384,0.5715016
0.04812543754273895,0.094257936,0.5729569
0.06058859871822948,0.0092759775,0.56558686
0.053141090161118065,0.046974648,0.57169724
0.057406180820288956,0.056044526,0.5729076
0.028382361217875754,0.0211201,0.57101786
0.0632064270016966,-0.023934616,0.56431186
0.04842527846891531,0.05580402,0.57421374
0.047306002434465644,-0.043177523,0.56253016
0.06318704399296589,-0.06728588,0.55893797
0.04234174850168066,-0.012921357,0.5660243
0.04541330284606502,0.040225886,0.5706281
0.04297851196351347,-0.084939785,0.55623025
0.04221380691395321,0.007043234,0.5713324
0.04941620882580122,-0.10703775,0.56289434
0.06536474193450423,-0.011466071,0.56900066
0.05100591503769943,0.005879997,0.5704109
0.057560827659050885,-0.05583045,0.5608961
0.056865097836207336,-0.006672743,0.5702254
0.06280147388941004,-0.018543817,0.56916785
0.0554974585036306,-0.014456211,0.5703348
0.0485290459187685,-0.016468618,0.5715421
0.05777872620097345,-0.059884794,0.56407887
0.04282946735477532,-0.01157404,0.5714715
0.03774175187572837,0.040812638,0.5795922
0.03125433834584168,0.059627596,0.5808926
0.056816644283632436,-0.079636335,0.5648295
0.05066820704051408,-0.07069333,0.56580424
0.03776914309546874,0.033223405,0.5814978
0.03650013368654375,-0.03737655,0.5723357
0.04331228152007322,-0.010749257,0.5752167
0.0660626599442606,-0.039466396,0.5736003
0.04092705527773911,-0.056432188,0.5738848
0.08021417204576561,-0.089443214,0.56798315
0.022742703095642164,0.03714528,0.5837171
0.02354991881834474,-0.0022989206,0.57881624
0.020166068287002608,0.03784054,0.58365786
0.01674834169414744,0.03374912,0.5838036
0.013368541187516887,0.022648225,0.58249277
0.009818153072704087,0.022208469,0.58322936
0.028413791399195854,-0.051477,0.5727012
0.018735183884283496,-0.043970928,0.57759154
0.03318164015143881,-0.026818663,0.57659817
0.03438425961996249,-0.0076693883,0.57885355
0.01397344075519134,-0.0010479455,0.5802861
0.06755632304631402,-0.16360068,0.56416607
0.0959663124558957,-0.12841249,0.5583162
0.07611467877276275,-0.018219354,0.5670413
0.03202366825773201,0.023275847,0.57835335
0.025267013720351093,0.017752698,0.5805291
0.01950783332352314,0.052798018,0.584867
0.07160740813297595,-0.15866256,0.5619363
0.05527595246880593,-0.10050966,0.5684046
0.018521643633043372,-0.010079023,0.57958484
0.0200341409518496,-0.010360486,0.5799522
0.0285601958575157,-0.05746484,0.57752556
0.013879230755821361,0.021862416,0.58633745
0.031523553859851845,-0.07101219,0.5738793
0.03220158586025303,-0.08081368,0.5772505
0.019218433756217523,-0.025309715,0.5840964
0.03224195135377445,-0.07587884,0.5777911
0.04721179799821514,-0.119848736,0.5710383
0.036270481634991275,-0.06251471,0.5748778
0.02433690053830435,-0.023355853,0.58288145
0.022561652495802102,-0.0674539,0.57799286
0.11022315859138411,-0.17336456,0.5401445
0.10618748375717998,-0.15581524,0.548578
0.038679618336219385,-0.06259853,0.5726678
0.019100795280761442,-0.01704359,0.5802917
0.03799320899727908,-0.09726474,0.5685291
0.017365181870594784,0.017490666,0.58558166
0.06582449043063414,-0.12522027,0.5667842
0.041833871739333145,-0.045313314,0.5774803
0.06539124846438012,-0.034314577,0.57315576
0.026417420787306932,-0.024458453,0.5750741
0.23078064617200644,-0.26035124,0.5099584
0.057657411045861515,-0.032079086,0.56045055
0.05155677010015209,-0.05851004,0.5575192
0.03241881253914191,-0.010241816,0.57727987
0.02698845823495567,0.023844415,0.58080804
0.02226992546365811,0.01799289,0.5817332
0.01796856471357802,-0.008092436,0.57299095
0.07581760991515853,-0.16095684,0.556268
0.18481069010352985,-0.51188046,0.4963911
0.11705910536000035,-0.16311969,0.55633056
0.08962815057796737,-0.014431207,0.5755744
0.04227423942862795,0.020795813,0.57959247
0.034401469667883294,0.044462558,0.5834469
0.020493650176654478,0.05122137,0.5821979
0.022633995003630652,-0.03646057,0.5754484
0.03384392952280385,-0.0019180638,0.5826808
0.06997190608720606,-0.18521415,0.5568548
0.04513830307379856,-0.05854577,0.5755144
0.02543079353840368,0.0055129942,0.5819311
0.03206884339921536,-0.01238642,0.5813384
0.020818554689227553,-0.007587097,0.5782176
0.013224364410226161,0.035012763,0.58467066
0.007403774005821446,0.0227147,0.5850858
0.0376877236494533,-0.12824315,0.56342626
0.03398003270951704,-0.10071262,0.572588
0.017856471867474553,0.005575017,0.58182085
0.04689856349746441,-0.11517254,0.57517326
0.018383161453632536,-0.05662147,0.5822345
0.053247263194092384,-0.20919554,0.54436755
0.0641843419799202,-0.12770979,0.56004465
0.0666103078865006,-0.073343225,0.57383597
0.03299638517262353,-0.04482085,0.57747227
0.02009266865695571,1.3070123e-05,0.58634126
0.04122449191102942,-0.02897275,0.583255
0.015133048132430394,-0.018519575,0.5834867
0.016783741219890316,-0.021674283,0.581356
0.025991980305535126,-0.05706571,0.57845247
0.016907545720319172,0.0025633606,0.58546776
0.009547509411656921,0.00034811033,0.5866975
0.025652698807131787,-0.017086385,0.5746641
0.03971176036480036,-0.047743928,0.58048
0.0459236100430672,-0.09377026,0.5721976
0.02540256437773888,0.029418675,0.58850974
0.018100625024392053,-0.018825836,0.5853662
0.011772787880439025,0.004108702,0.5845465
0.01899904377144444,-0.04344587,0.58155286
0.006796455877208775,0.018482594,0.5868109
0.0049846592346963646,0.014714643,0.587916
0.023593226542880576,-0.009868395,0.5848235
0.0042969152284274385,0.012078628,0.58916324
0.0042583611808144125,0.012412251,0.587256
0.002221915871314295,0.03131322,0.58844787
0.005321605852600841,0.014039329,0.5845488
0.024577978623642045,-0.013626204,0.58438814
0.01503291509988342,-0.03927387,0.5769065
0.016575368711786283,0.014459039,0.58475405
0.018960961821274117,-0.016182445,0.5807249
0.11538615590084221,0.0715127,0.59221417
0.004949264059887155,0.045868304,0.5922664
0.02837514998473145,-0.068041995,0.5800335
0.02368223652439682,-0.082019314,0.57017475
0.018534751210852966,-0.082185045,0.5761452
0.011517595336823673,0.000863882,0.58699626
0.02096066823925127,-0.06085609,0.5817983
0.04331929745222034,-0.14688171,0.5641105
0.015101227693856089,-0.06329883,0.5745327
0.0260252432532102,-0.091787905,0.57083756
0.013908137537866504,0.0017231,0.5841146
0.013291339338103537,-0.012215339,0.58369905
0.008671374232794175,-0.02302911,0.5822144
0.0061555246994095415,0.014673253,0.5850659
0.0012656681727732351,0.007229968,0.58577096
0.005408234431473702,-0.031499986,0.5826062
-0.002633054964775383,-0.013642707,0.5832001
0.015615697554670847,-0.034209188,0.5839112
0.003498474233016208,0.013478636,0.59006196
0.016377094938614212,0.005442112,0.58581185
0.014923171097678798,9.773154e-05,0.5886356
-4.130463883444503e-05,-0.031062262,0.5856942
0.010841608210006258,-0.044995364,0.58462936
0.008150459614756344,-0.048430726,0.5831792
0.012745782319087904,-0.056671683,0.5842411
0.03969470108920512,-0.13246512,0.574222
0.013385747707440731,-0.050380204,0.58055353
0.025599164314936477,-0.026912823,0.58003634
0.01146738780355388,0.009465751,0.58724207
0.02807274263945746,0.026085842,0.58760625
0.016191396891538586,0.0137474155,0.5838287
0.008210573585929123,0.048302982,0.588895
0.03118254667025182,-0.09364226,0.57451034
0.02214142474683595,-0.010254295,0.58211607
0.013779520420869301,0.04656177,0.58826584
0.010810352341773419,-0.048090547,0.57988465
0.0033415661999894367,0.019245714,0.5862559
0.014046914540026541,-0.009388453,0.5828266
0.015156715770385095,0.05796021,0.59096634
0.004636015642925605,-0.020811183,0.5839116
0.005475892429035811,-0.026891667,0.5826494
0.0027654058328614784,0.00046270512,0.5849635
0.0019415196782925674,0.0042023556,0.5840029
0.0012850670694568,0.02693851,0.58617604
0.010268766935220348,0.021717977,0.5854968
0.24204990994471143,-0.010711882,0.58234525
0.015009746241004585,0.03821826,0.58935136
0.05590372021784863,-0.2168652,0.5563704
0.006745365872610729,0.01927488,0.5867161
0.007958682653445162,-0.03183654,0.58207804
0.026542040198263558,0.025033597,0.5876285
0.0033837793792014592,-0.0586443,0.5801824
-0.0012887751556687303,-0.008953799,0.5855328
0.009530767004144493,-0.0073736673,0.5836847
3.580641738333545e-05,0.024474468,0.58814126
0.01223760516781892,-0.0020459571,0.5859981
0.002847270243760329,0.009215965,0.58610624
0.021382632602226774,-0.18745604,0.5628146
0.015664557154194597,-0.13797534,0.567702
0.03363971935621904,-0.096037924,0.5744215
0.01893792885147329,-0.06690621,0.5753599
0.0070064333128628505,-0.010084893,0.58176327
0.06807929493870847,-0.15990773,0.56513965
0.04630673002001348,-0.053255737,0.57625204
0.08308938550007154,-0.14065479,0.561568
0.09945663232315462,-0.12270832,0.5592018
0.03383486939782048,0.014710463,0.5796821
0.028365213569089935,0.011439722,0.58128816
0.01287135939451528,0.03740615,0.58608824
0.012235915157125219,0.052288137,0.58649176
0.019349960997300387,0.047601078,0.5819229
0.02164181220720996,-0.035479154,0.57380533
0.01120736746387066,-0.038512617,0.57418597
0.016490142678090354,-0.044048358,0.5715139
0.009992947410262257,-0.0056188554,0.57423407
0.04012317082077101,0.005596716,0.581489
0.00762034520384047,0.026309017,0.57949656
0.003306466687552549,0.07796155,0.5897804
0.035376169581252795,-0.088663064,0.5698451
