x,y,bank
262.25,0.0,left
262.1414324311302,0.4880707766192403,left
262.03286486226045,0.9761415532384806,left
262.10184318686197,1.494450878946423,left
262.17612863839264,1.988901757892846,left
262.4432595147106,2.423708782742578,left
262.804319486022,3.0,left
263.1798181436262,3.3301526285484426,left
263.9308154588346,3.990457885645327,left
264.36782366883733,4.261517668320174,left
264.79397916763605,4.523035336640348,left
265.2201346664348,4.7845530049605225,left
266.02119752210643,5.217982699593914,left
266.9211609495361,5.65394809878174,left
267.37114266325096,5.8719307983756535,left
268.0974869535046,6.191266241883378,left
268.5594579750155,6.382532483766756,left
269.48340001803723,6.765064967533512,left
269.94537103954815,6.95633120941689,left
270.5190596503424,7.175429669097453,left
270.98727373727314,7.350859338194907,left
271.9237019111346,7.701718676389813,left
272.719801671803,8.0,left
273.1909669619231,8.167341774181024,left
273.6621322520432,8.334683548362047,left
274.1332975421633,8.50202532254307,left
275.07562812240343,8.836708870905117,left
276.00741239333155,9.164904261666466,left
276.9514602406025,9.4947127849994,left
277.423484164238,9.659617046665868,left
278.36753201150896,9.9894255699988,left
278.86900718988795,10.167224842426117,left
279.34021399382397,10.334449684852233,left
280.28262760169594,10.668899369704466,left
281.2156042307615,11.0,left
281.68441172675347,11.173837659043695,left
282.6220267187373,11.521512977131083,left
283.5596417107211,11.869188295218473,left
284.3770352714078,12.18474091597221,left
284.84165424859856,12.369481831944418,left
285.77089220298,12.738963663888837,left
286.42739233374596,13.0,left
287.3444705845072,13.398707263516439,left
288.26154883526834,13.797414527032878,left
288.720087960649,13.996768158791099,left
289.1778042757873,14.217360354732689,left
290.07836960088144,14.652081064198065,left
290.79911679029465,15.0,left
291.67886819489104,15.475433976605242,left
292.55861959948743,15.950867953210482,left
293.07754508705716,16.258470221547363,left
293.9335664526159,16.775410664642084,left
294.7216796662783,17.277076853693423,left
295.55409402739264,17.831230561080265,left
296.2149361890687,18.289972981220895,left
296.62226366194756,18.579945962441794,left
297.21231708303094,19.0,left
298.018542783337,19.59160807986874,left
298.57508701086044,20.0,left
299.389699700771,20.58000531500727,left
299.9795787781477,21.0,left
300.83036248382007,21.525516018939832,left
301.5985279157758,22.0,left
302.04415116459944,22.226759608634005,left
302.4897744134231,22.453519217268006,left
302.93539766224677,22.68027882590201,left
303.38102091107044,22.907038434536016,left
304.0246623113576,23.19370141110655,left
304.94657285655234,23.581104233319646,left
305.40752812914974,23.774805644426195,left
305.86848340174714,23.968507055532744,left
306.41434008412637,24.168052479182847,left
307.35616462031237,24.504157437548546,left
308.2979891564984,24.840262395914245,left
309.22267002598795,25.14968570790939,left
310.17680668045136,25.44905712372817,left
310.6538750076831,25.598742831637562,left
311.6080116621465,25.89811424745634,left
312.4134687127826,26.137459972570003,left
313.37493583326267,26.41237991771001,left
314.3364029537427,26.687299862850015,left
315.29787007422277,26.962219807990017,left
315.9127319804571,27.130258350901485,left
316.39546665087187,27.260516701802974,left
316.8782013212866,27.39077505270446,left
317.36093599170135,27.521033403605948,left
317.8436706621161,27.651291754507433,left
318.8091400029455,27.911808456310407,left
319.61942490653735,28.127581888701528,left
320.5863227536243,28.38274566610458,left
321.55322060071126,28.637909443507635,left
322.5201184477982,28.893073220910686,left
323.4083365765679,29.129128680062855,left
324.37441273088535,29.38738604018856,left
324.8574508080441,29.516514720251415,left
325.3404888852029,29.64564340031427,left
326.30656503952036,29.903900760439974,left
327.14738171222564,30.13534435272377,left
327.6287151789468,30.27068870544754,left
328.1100486456679,30.40603305817131,left
328.59138211238906,30.54137741089508,left
329.5540490458313,30.81206611634262,left
330.0353825125524,30.94741046906639,left
330.7001895362246,31.147399535393813,left
331.1779691684461,31.294799070787626,left
331.6557488006676,31.44219860618144,left
332.6113080651105,31.736997676969068,left
333.089087697332,31.88439721236288,left
333.93485493389005,32.167656704924966,left
334.8769615717898,32.50297011477489,left
335.8190682096896,32.83828352462481,left
336.73124611564197,33.20101229694195,left
337.1890605501874,33.402024593883894,left
338.10468941927815,33.80404918776778,left
338.98034968313317,34.25619977367756,left
339.4097232686826,34.51239954735512,left
340.2269088253379,35.0,left
340.94666563954416,35.69422628040407,left
341.4492342965943,36.46429647457897,left
341.6633211299777,37.0,left
341.5708755084066,37.49137949392738,left
341.4751862511039,38.0,left
340.9138387103195,38.82758017040969,left
340.4406651272205,39.350865265379404,left
339.78162133693695,40.0,left
339.01821748968797,40.64592148594506,left
338.59973799064755,41.0,left
337.80808588056277,41.610972124239964,left
337.4122598255204,41.916458186359954,left
336.9017532442758,42.2969636870803,left
336.09723458431654,42.8908910612409,left
335.550646633632,43.30160420572816,left
335.1518548294446,43.60320841145633,left
334.62720288336277,44.0,left
333.8608473828465,44.64241672365249,left
333.4776696325883,44.96362508547873,left
333.08673036041654,45.35945972409117,left
332.7391836631853,45.71891944818233,left
332.192426804957,46.41758777228131,left
331.91743507337014,46.835175544562624,left
331.6687568215753,47.47995992457023,left
331.5169170051813,48.0,left
331.61955629037664,48.99471864219718,left
331.8403246334642,49.4488893609854,left
332.0605480236709,49.897778721970795,left
332.4310705898727,50.38387629770232,left
332.7514437910965,50.76775259540465,left
333.3152465835344,51.336330791521554,left
333.6852217160427,51.67266158304311,left
334.43687726964544,52.31091977594478,left
334.8284496038654,52.62183955188956,left
335.30470483377576,53.0,left
335.69950530880345,53.306810340304764,left
336.4891062588588,53.92043102091428,left
336.97266877745193,54.32358371060965,left
337.7350166828812,54.97075113182893,left
338.1111652060098,55.3650276388236,left
338.45285925467743,55.730055277647196,left
338.9571791040437,56.432067084348475,left
339.2088098545942,56.86413416869695,left
339.36606136600705,57.493858791641635,left
339.44612921588123,58.0,left
339.1795607818278,58.963815993831965,left
338.9024474124651,59.42267543577048,left
338.53761262074113,60.0,left
338.2190970742222,60.38541905327287,left
337.71119902282953,61.0,left
337.03516515261333,61.73687054922863,left
336.44576179149095,62.359022724034354,left
336.09776368283667,62.718045448068715,left
335.46487547666385,63.34741013030833,left
335.105283761855,63.694820260616666,left
334.41396147839635,64.33021736897042,left
334.03851975291786,64.66043473794085,left
333.65244990959764,65.0,left
332.8615364447259,65.61192801135805,left
332.35995561257005,66.0,left
331.52641035051425,66.55245117078738,left
330.8511430583894,67.0,left
329.97884877600075,67.48898127255755,left
329.10655449361207,67.9779625451151,left
328.6153259528418,68.21394396643649,left
328.16341005444315,68.42788793287298,left
327.25957825764596,68.85577586574594,left
326.4912605548071,69.18710578899002,left
325.5639172015093,69.56131736697009,left
324.63657384821147,69.93552894495014,left
324.00472966497995,70.16475282812875,left
323.53265286442354,70.32950565625752,left
322.5884992633107,70.65901131251503,left
321.6443456621979,70.98851696877256,left
321.1334893758024,71.14683567689464,left
320.65553615215924,71.29367135378929,left
320.1775829285161,71.44050703068393,left
319.6996297048729,71.58734270757859,left
318.7437232575866,71.88101406136788,left
317.87439725110653,72.13286310659255,left
317.39237298314214,72.2657262131851,left
316.4283244472134,72.53145242637021,left
315.4642759112847,72.79717863955533,left
314.72844472154975,73.0,left
313.75881497187146,73.24457748984496,left
312.7891852221932,73.48915497968991,left
312.30437034735405,73.61144372461239,left
311.3347405976758,73.85602121445734,left
310.76393535360694,74.0,left
309.7905255550908,74.22907065318991,left
308.81711575657476,74.45814130637983,left
308.3304108573167,74.57267663297479,left
307.3570010588006,74.8017472861647,left
306.87029615954253,74.91628261275966,left
306.02660758034017,75.10914924631508,left
305.05072553413,75.32744773894525,left
304.0748434879198,75.54574623157542,left
303.0989614417096,75.76404472420559,left
302.1230793954994,75.98234321683576,left
301.55545769902557,76.1057510320204,left
300.5780801481751,76.31725309606118,left
300.08939137274984,76.42300412808159,left
299.1120138218994,76.63450619212237,left
298.6233250464741,76.74025722414277,left
297.64594749562366,76.95175928818355,left
296.9339530495405,77.1039828031413,left
295.95581691044555,77.31194840942393,left
294.97768077135066,77.51991401570655,left
293.9995446322557,77.72787962198917,left
293.02140849316083,77.93584522827179,left
292.2305097367441,78.10356804133355,left
291.2521975967513,78.31070412400064,left
290.2738854567585,78.51784020666773,left
289.2955733167656,78.72497628933482,left
288.31726117677283,78.93211237200191,left
287.50755852494353,79.10398959863875,left
287.01849190026445,79.2079791972775,left
286.0403586509064,79.41595839455499,left
285.5512920262273,79.51994799319374,left
284.57315877686926,79.72792719047123,left
283.59502552751115,79.93590638774873,left
282.8047671432551,80.10512446515425,left
282.3159432006888,80.21024893030848,left
281.3382953155563,80.42049786061698,left
280.84947137299,80.52562232577121,left
280.36064743042374,80.63074679092546,left
279.87182348785745,80.7358712560797,left
278.89417560272494,80.94612018638819,left
278.1555197427255,81.10835867145222,left
277.6674025454039,81.21671734290445,left
276.6911681507607,81.43343468580888,left
276.20305095343906,81.5417933572611,left
275.71493375611743,81.65015202871332,left
275.2268165587958,81.75851070016554,left
274.2505821641526,81.97522804306998,left
273.65216861833954,82.11402501239603,left
272.67851920186956,82.34207503718808,left
271.7048697853996,82.57012506198012,left
270.7312203689296,82.79817508677218,left
269.869537897408,83.0,left
268.89990289002924,83.24455664469721,left
267.93026788265047,83.48911328939442,left
266.9606328752717,83.73366993409164,left
265.99099786789293,83.97822657878886,left
265.4227659264895,84.13330162032338,left
264.4589595600047,84.39990486097012,left
263.9770563767623,84.5332064812935,left
263.0132500102775,84.79980972194025,left
262.53134682703507,84.93311134226363,left
261.81177667573735,85.14746733903415,left
260.85625925796165,85.44240201710245,left
259.90074184018596,85.73733669517074,left
259.04977590963244,86.0,left
258.57784063417967,86.16515779056199,left
258.1059053587269,86.33031558112397,left
257.6339700832741,86.49547337168596,left
256.6900995323686,86.82578895280994,left
256.2181642569158,86.99094674337192,left
255.72833656897146,87.18639423107207,left
254.80042021363968,87.5591826932162,left
253.8725038583079,87.93197115536033,left
253.25012292540472,88.21153442833719,left
252.79707415802082,88.42306885667438,left
251.89097662325307,88.84613771334875,left
251.12268888543122,89.23977570905114,left
250.24517510354738,89.71932712715342,left
249.80641821260545,89.95910283620456,left
249.31043557545522,90.26951013322174,left
248.88928917799845,90.53902026644349,left
248.16894537582994,91.0,left
247.76765467893915,91.2982713137211,left
247.36636398204837,91.5965426274422,left
246.9650732851576,91.8948139411633,left
246.4422347849644,92.32340873711618,left
246.0609123639649,92.64681747423236,left
245.64448448084295,93.0,left
244.91598366662782,93.68504493552459,left
244.22941165998284,94.35545871428654,left
243.59179881215096,95.0,left
243.24826063089864,95.36329260661601,left
242.64617488533258,96.0,left
242.30850582589406,96.36875412716051,left
241.73047243058681,97.0,left
241.40065696500048,97.37579483586137,left
240.8528247512877,98.0,left
240.5400884554754,98.39012306940452,left
240.05118977930397,99.0,left
239.77744239477144,99.41840455239111,left
239.39692494645715,100.0,left
239.20227187855787,100.46055421304924,left
239.00761881065858,100.92110842609847,left
238.88538889632076,101.49203577550493,left
238.79362499713898,102.0,left
238.8284065154271,102.4987887789291,left
238.86335695534945,103.0,left
239.19200751898723,103.94445159061783,left
239.48672920908706,104.41732395214065,left
239.76212114609632,104.8346479042813,left
240.2261129953427,105.35222575803417,left
240.878761369735,106.0,left
241.68973945126768,106.58507653454363,left
242.2648673467338,107.0,left
242.70114047194298,107.24426575736322,left
243.13741359715215,107.48853151472645,left
244.00995984757046,107.9770630294529,left
244.50594664657936,108.20726020070303,left
244.96096665625427,108.41452040140607,left
245.87100667560404,108.82904080281213,left
246.7129637744346,109.17959434121656,left
247.17959625573332,109.35918868243311,left
248.11286121833072,109.71837736486623,left
248.57949369962944,109.89797170608279,left
249.3186009657261,110.15910117809203,left
249.79261237395352,110.31820235618405,left
250.7406351904083,110.63640471236809,left
251.21464659863574,110.79550589046012,left
251.82389752939343,111.0,left
252.30269078315803,111.14407296814296,left
253.26027729068718,111.4322189044289,left
253.73907054445178,111.57629187257186,left
254.69665705198094,111.86443780885779,left
255.62904928329948,112.1333760799545,left
256.1109318637026,112.266752159909,left
256.5928144441057,112.40012823986352,left
257.07469702450885,112.53350431981802,left
257.556579604912,112.66688039977252,left
258.0384621853151,112.80025647972703,left
258.5203447657182,112.93363255968153,left
259.24402735890783,113.12586167250174,left
259.72792697597225,113.2517233450035,left
260.69572621010104,113.50344669000698,left
261.6635254442298,113.75517003501048,left
262.1474250612942,113.88103170751222,left
263.08995869527877,114.1210046947717,left
263.5750956489766,114.2420093895434,left
264.5453695563723,114.48401877908681,left
265.5156434637679,114.72602816863021,left
266.00078041746576,114.8470328634019,left
266.61406249552965,115.0,left
267.09985572228874,115.11834247265881,left
267.5856489490478,115.23668494531762,left
268.0714421758069,115.35502741797643,left
268.557235402566,115.47336989063525,left
269.5288218560841,115.71005483595287,left
270.0146150828432,115.82839730861168,left
270.5004083096023,115.9467397812705,left
271.205047100238,116.11746240312222,left
272.1770606471657,116.35238720936664,left
272.6630674206296,116.46984961248884,left
273.6350809675573,116.70477441873327,left
274.607094514485,116.93969922497769,left
275.34249073577007,117.11790889969278,left
275.8283893788771,117.23581779938554,left
276.3142880219841,117.35372669907832,left
276.80018666509113,117.4716355987711,left
277.28608530819815,117.58954449846387,left
277.7719839513052,117.70745339815664,left
278.74378123751916,117.9432711975422,left
279.46316134474233,118.11912225094505,left
280.4343665533976,118.35736675283515,left
280.91996915772523,118.47648900378019,left
281.4055717620529,118.59561125472524,left
282.37677697070814,118.83385575661534,left
282.8623795750358,118.95297800756039,left
283.5394098188762,119.12016833503337,left
284.5100994113934,119.36050500510012,left
285.4807890039106,119.60084167516688,left
286.4514785964278,119.84117834523362,left
287.0929392911494,120.0,left
287.5782058899763,120.12048372530333,left
288.0634724888032,120.24096745060666,left
288.5487390876301,120.36145117590999,left
289.034005686457,120.48193490121332,left
290.0045388841108,120.72290235182,left
290.4898054829377,120.84338607712333,left
290.9750720817646,120.96386980242666,left
291.60554446862693,121.12174182878671,left
292.09049696849024,121.2434836575734,left
292.57544946835355,121.36522548636012,left
293.06040196821687,121.48696731514681,left
294.03030696794343,121.73045097272022,left
294.51525946780674,121.85219280150693,left
295.00021196767005,121.97393463029363,left
295.5883371913365,122.12433114143417,left
296.5569274396246,122.3729934243025,left
297.5255176879126,122.62165570717086,left
298.4941079362007,122.8703179900392,left
298.9992457833141,123.0,left
299.4825425780097,123.12815696718071,left
299.9658393727053,123.25631393436143,left
300.4491361674009,123.38447090154216,left
300.9324329620965,123.51262786872287,left
301.41572975679213,123.64078483590359,left
302.3823233461833,123.89709877026502,left
303.2523248128873,124.13314172996014,left
303.7342721956411,124.26628345992029,left
304.2162195783949,124.39942518988045,left
304.6981669611487,124.53256691984059,left
305.6620617266562,124.79885037976088,left
306.14400910941,124.93199210972104,left
306.8703993578767,125.13926142069077,left
307.35061416055066,125.27852284138154,left
308.31104376589855,125.55704568276307,left
308.7912585685725,125.69630710345385,left
309.2714733712465,125.83556852414462,left
309.75168817392046,125.97482994483539,left
310.3165377438459,126.14650159179325,left
311.2726492093185,126.43950477537975,left
311.7507049420548,126.586006367173,left
312.7068164075274,126.8790095507595,left
313.57703918389603,127.15486104048811,left
314.0524527492672,127.30972208097623,left
314.5278663146384,127.46458312146434,left
315.0032798800096,127.61944416195246,left
315.95410701075195,127.92916624292867,left
316.6437976010567,128.164297528891,left
317.116033052924,128.32859505778202,left
318.0605039566586,128.65719011556405,left
319.0049748603932,128.98578517334607,left
319.5142802945249,129.17480359857788,left
320.4511766642995,129.52441079573362,left
320.91962484918685,129.6992143943115,left
321.3880730340742,129.87401799288938,left
322.18967395354656,130.18632125474556,left
323.1176489317222,130.5589637642367,left
323.58163642081007,130.74528501898226,left
324.21594174811617,131.0,left
324.67473036806274,131.19877877705514,left
325.59230760795583,131.5963363311654,left
326.0510962279024,131.7951151082205,left
326.509884847849,131.99389388527564,left
326.9767604778329,132.2121037749757,left
327.8823254697381,132.63631132492708,left
328.33510796569067,132.84841509990278,left
329.1046205373517,133.22617347965937,left
329.5505415584965,133.45234695931873,left
330.44238360078594,133.90469391863746,left
331.0683774285844,134.2409930012301,left
331.50646688675266,134.4819860024602,left
332.3826458030891,134.9639720049204,left
332.877280700439,135.25658857279296,left
333.3064220574673,135.51317714558596,left
334.12062753085047,136.0,left
334.95821790621216,136.5462987855574,left
335.6538368249312,137.0,left
336.0608498699409,137.29041415459983,left
336.8748759599603,137.87124246379946,left
337.44727835841235,138.31044383713436,left
337.8392281306859,138.62088767426874,left
338.2311779029595,138.9313315114031,left
338.6902426052912,139.33368010443496,left
339.4338167645037,140.0,left
340.12455665383663,140.7231033157747,left
340.69708230922976,141.39385599562905,left
341.171127631329,142.0,left
341.4302505071824,142.4276158734302,left
341.6893733830358,142.8552317468604,left
341.97662501549337,143.45846403959547,left
342.17615126539,143.91692807919094,left
342.3459837809273,144.4817986002117,left
342.489763174206,145.0,left
342.55809384498934,145.49530891313432,left
342.6277188397944,146.0,left
342.6378729599448,146.4998968832109,left
342.64803126920015,147.0,left
342.61117526658063,147.49863978488577,left
342.57411818858236,148.0,left
342.5026521038021,148.494866243268,left
342.42970323655754,149.0,left
342.23923050927766,149.9816924875757,left
342.1251500457298,150.48763047847646,left
342.0146216943406,150.97526095695292,left
341.8895399406028,151.48551610867554,left
341.7700656412052,151.9710322173511,left
341.6388815916098,152.4843657414948,left
341.51482584419676,152.9687314829896,left
341.3808648498768,153.48387598328722,left
341.2465182123706,154.0,left
340.9916252029733,154.9669692620556,left
340.8522752891733,155.48263071060398,left
340.72163227488676,155.965261421208,left
340.574319357644,156.48060478082382,left
340.425278888084,157.0,left
340.1221177875509,157.95293931974894,left
339.93306448133586,158.46871690615313,left
339.758982713519,158.93743381230627,left
339.5292264357045,159.45535682583514,left
339.3227072812289,159.9107136516703,left
339.03891142170625,160.43681155590556,left
338.7252186103724,161.0,left
338.1886187016789,161.84383679582615,left
337.80304490675127,162.40993919284585,left
337.3909934721887,163.0,left
337.0850695976255,163.39548777853713,left
336.6174578759819,164.0,left
335.9605068636152,164.75393326452038,left
335.3925642077552,165.35357804933508,left
334.74623242393136,166.0,left
333.9885001802084,166.65256558813854,left
333.585073672235,167.0,left
332.7810086687709,167.59454139486184,left
332.37897616703884,167.89181209229278,left
331.8110331927312,168.2687555544295,left
330.9677765248933,168.80626666328854,left
330.2267572805769,169.24280631403485,left
329.78967022532953,169.4856126280697,left
328.9154961148348,169.97122525613943,left
328.4148957306004,170.22040215458452,left
327.96609411490084,170.44080430916904,left
327.0684908835018,170.88160861833808,left
326.36998242807044,171.20188593185068,left
325.91255257495544,171.40377186370137,left
324.9976928687255,171.80754372740273,left
324.09797041064576,172.18713924882272,left
323.6343122374728,172.37427849764543,left
322.7069958911269,172.74855699529084,left
322.0840180553496,173.0,left
321.1479555719887,173.35183380628396,left
320.21189308862785,173.70366761256793,left
319.74386184694737,173.87958451570992,left
318.9524928240813,174.16780455759587,left
318.01049148554705,174.50341367278762,left
317.0684901470129,174.83902278797936,left
316.1437800781509,175.1624544142558,left
315.67090740682295,175.32490882851158,left
314.72516206416714,175.6498176570232,left
314.2522893928392,175.81227207127898,left
313.77941672151127,175.97472648553477,left
313.2319796247206,176.15951920049795,left
312.28423783568206,176.47855760149383,left
311.8103669411628,176.6380768019918,left
310.8626251521243,176.95711520298767,left
310.26105134027085,177.15859984505872,left
309.7868719552831,177.31719969011746,left
308.83851318530765,177.63439938023492,left
307.8901544153322,177.9515990703524,left
307.2715040137984,178.15930768577599,left
306.7975619696066,178.31861537155197,left
306.3236199254148,178.47792305732796,left
305.849677881223,178.63723074310397,left
305.3757358370312,178.79653842887996,left
304.77043551858515,179.0,left
304.29701633559415,179.1608548326167,left
303.82359715260316,179.32170966523339,left
303.35017796961216,179.4825644978501,left
302.87675878662117,179.64341933046677,left
301.92992042063923,179.96512899570018,left
301.35454099367024,180.162813992071,left
300.88179200743554,180.32562798414202,left
299.93629403496624,180.651255968284,left
298.9907960624969,180.97688395242602,left
298.45229808549055,181.16674194894773,left
297.50954229004594,181.5002258468432,left
297.0381643923236,181.66696779579092,left
296.5667864946013,181.83370974473863,left
295.627630914152,182.17316976286895,left
294.68952168122036,182.51950928860686,left
294.2204670647545,182.6926790514758,left
293.38804512657225,183.0,left
292.9224692279824,183.18231588699908,left
291.9913174308027,183.54694766099726,left
291.06016563362306,183.91157943499542,left
290.3736743174824,184.19432259518285,left
289.4522868224481,184.58296778554856,left
288.5308993274138,184.97161297591427,left
288.00959583519136,185.20947543826188,left
287.1015869348716,185.62842631478566,left
286.6475824847117,185.83790175304753,left
285.85127722513425,186.22801289399044,left
285.4062939443538,186.45602578798085,left
284.516327382793,186.91205157596173,left
283.9115233197115,187.2497334304578,left
283.4783568231864,187.49946686091562,left
282.61202383013637,187.99893372183126,left
282.19259840533243,188.27500968520388,left
281.35744650766577,188.82502905561165,left
280.69402310797085,189.30298109042184,left
280.2962763809613,189.60596218084368,left
279.7789924386889,190.0,left
279.4054723915567,190.33238949199756,left
279.03195234442455,190.66477898399512,left
278.6584322972924,190.99716847599268,left
278.30974728718405,191.36142440798204,left
277.9642441796512,191.72284881596406,left
277.38412920575854,192.38815738201936,left
276.88733044755645,193.0,left
276.6022918004423,193.4107955326575,left
276.19346056715585,194.0,left
275.6796275939052,194.8578902468267,left
275.36265658705605,195.44299381605364,left
275.13080215225216,195.8859876321073,left
274.8622335023129,196.4542709971324,left
274.6533367307621,196.9085419942648,left
274.4264801222838,197.46459564165218,left
274.21351534407586,198.0,left
273.9068158790196,198.95180640790772,left
273.78628643197277,199.48885067528354,left
273.67649682983756,200.0,left
273.64189675920653,200.4988013984667,left
273.6072966885755,200.9976027969334,left
273.6420411315612,201.49877975203773,left
273.67695185995757,201.9975595040755,left
273.7771624327763,202.48988983152017,left
273.88133135810494,203.0,left
274.0452048176907,203.4723827783095,left
274.22823955863714,204.0,left
274.6788882288731,204.8927013924121,left
275.01471346131933,205.41311986244503,left
275.4148401133716,206.0,left
276.07454453935424,206.7515251628116,left
276.66107223615404,207.33804304972122,left
277.38249641656876,208.0,left
277.7803105802295,208.30289254066565,left
278.57593890755106,208.90867762199693,left
279.1153058894128,209.27218031896894,left
279.9541571848543,209.8165409569068,left
280.6719080634592,210.24644937036396,left
281.1069514036533,210.49289874072795,left
281.9770380840414,210.9857974814559,left
282.44833433056306,211.22557250078742,left
282.89455966252945,211.45114500157484,left
283.34078499449583,211.67671750236227,left
283.7870103264622,211.9022900031497,left
284.43438558614605,212.20929796769306,left
285.3425581704483,212.62789390307918,left
286.149867862463,213.0,left
286.6095820367634,213.19662878209277,left
287.06929621106383,213.39325756418555,left
287.52901038536424,213.58988634627832,left
287.98872455966466,213.7865151283711,left
288.4484387339651,213.98314391046387,left
288.9514612018684,214.18725047172768,left
289.8786877347885,214.56175141518307,left
290.8059142677086,214.93625235863846,left
291.42995911835084,215.18068274421123,left
291.89617124383057,215.36136548842245,left
292.82859549478997,215.72273097684493,left
293.54402729310095,216.0,left
294.47967867996556,216.35292560442437,left
294.9475043733979,216.52938840663654,left
295.8831557602625,216.88231401106088,left
296.6638680804689,217.17409617611852,left
297.1325796351173,217.34819235223705,left
297.6012911897657,217.52228852835557,left
298.07000274441407,217.6963847044741,left
298.8874129848555,218.0,left
299.3565009261878,218.17307947104328,left
299.8255888675201,218.3461589420866,left
300.2946768088524,218.51923841312987,left
300.7637647501847,218.69231788417318,left
301.59765896899626,219.0,left
302.5361742376358,219.34523773045598,left
303.00543187195564,219.51785659568395,left
303.9439471405952,219.86309432613993,left
304.7858588578562,220.17130462544495,left
305.2555978548547,220.34260925088992,left
306.19507584885173,220.68521850177981,left
306.6648148458503,220.8565231272248,left
307.5293230593361,221.16759172446228,left
308.0003995010011,221.3351834489246,left
308.94255238433107,221.67036689784916,left
309.41362882599606,221.83795862231148,left
310.34170388732457,222.16324637481517,left
311.28690359343904,222.48973912444555,left
312.23210329955344,222.8162318740759,left
312.7641138229519,223.0,left
313.7114968932191,223.3201020433723,left
314.1851884283527,223.48015306505843,left
315.1325714986199,223.80025510843075,left
315.7237421348691,224.0,left
316.197814487043,224.1589194918955,left
316.6718868392169,224.317838983791,left
317.6200315435646,224.635677967582,left
318.0941038957385,224.7945974594775,left
318.5681762479124,224.95351695137302,left
319.18038960416806,225.16046963961705,left
320.1274893766549,225.48140891885112,left
320.6010392628984,225.64187855846816,left
321.54813903538525,225.96281783770223,left
322.12979697344014,226.16516584979908,left
323.07366188339313,226.49549754939727,left
324.0175267933461,226.82582924899546,left
324.5151891745627,227.0,left
325.4530697202061,227.3469583290594,left
326.3909502658494,227.69391665811875,left
326.85989053867115,227.86739582264843,left
327.68238665354374,228.18617278960213,left
328.6104808134473,228.55851836880635,left
329.5385749733508,228.9308639480106,left
330.1673947399911,229.2039933781593,left
331.0803825858404,229.6119801344779,left
331.9486887641251,230.0,left
332.83862823795346,230.4560786477375,left
333.2835979748677,230.68411797160627,left
333.899973873049,231.0,left
334.32742886058907,231.25938819099403,left
334.7548838481291,231.51877638198803,left
335.54790929332376,232.0,left
335.9489167009908,232.29865207013538,left
336.3499241086579,232.59730414027078,left
336.8906336463988,233.0,left
337.2529155781635,233.3446038332881,left
337.9419334195554,234.0,left
338.55966358160407,234.7863901365705,left
338.97010306045956,235.43717756829014,left
339.2127463661243,235.8743551365803,left
339.4538124823434,236.46972959184905,left
339.62514289570106,236.93945918369812,left
339.7528770992981,237.48871011171678,left
339.86341092176735,238.0,left
339.91208110767536,238.49762557511013,left
339.9612157540396,239.0,left
339.95548378034476,239.99998357210384,left
339.8978983771358,240.4966728623374,left
339.83954155724496,241.0,left
339.7266675383417,241.4870928616359,left
339.6078115776181,242.0,left
339.29490253260303,242.94978309605287,left
339.09727153666717,243.46605529991544,left
338.889806073159,244.0,left
338.5167070155277,244.92779151386216,left
338.3153322253277,245.46936118535947,left
338.14299512056516,245.93872237071898,left
337.98226841889664,246.48051352828574,left
337.83283008262515,247.0,left
337.74769717394514,247.49269908449244,left
337.66004123166203,248.0,left
337.6254347103717,248.99940101495054,left
337.6802075559424,249.49698859428304,left
337.73500114272565,249.99397718856608,left
337.8550548272205,250.48553692807872,left
337.9744444895531,250.97107385615743,left
338.1504990171442,251.47059394566858,left
338.31944083641963,251.94118789133717,left
338.54163045626666,252.45778634995753,left
338.7797902151942,253.0,left
338.99478888632245,253.4514150766347,left
339.25606733188033,254.0,left
339.46790751393155,254.45290588124743,left
339.67974769598277,254.90581176249486,left
339.91501450371743,255.46199363217548,left
340.1376865543425,256.0,left
340.44417598211726,256.95187406239603,left
340.56119148212446,257.48958529313285,left
340.6670302944258,258.0,left
340.7589228442708,258.9957689286592,left
340.76537600289635,259.4999632422855,left
340.7714395970106,260.0,left
340.76812606028477,260.9999945102221,left
340.776252881976,261.499933950111,left
340.78438186924905,262.0,left
340.82952473924655,262.9989805409959,left
340.8643118015253,263.49879160311224,left
340.89922112599015,264.0,left
340.940222299525,264.4983160681423,left
340.9815005790442,265.0,left
341.0595534148822,265.9969492237911,left
341.08800980593065,266.49920313540736,left
341.11622734656527,266.9984062708147,left
341.12567121354317,267.4999124991214,left
341.1350282691419,268.0,left
341.1189364375326,268.49974098586716,left
341.10282792523503,269.0,left
341.0128711087922,269.9959456667788,left
340.93837351013593,270.4944739989875,left
340.86424211108437,270.98894799797495,left
340.7623164427104,271.48984301228637,left
340.65788950398564,272.0,left
340.53710265594714,272.4851912379062,left
340.41631580790863,272.97038247581236,left
340.275533721255,273.4818734962717,left
340.14212482503405,273.9637469925434,left
339.99479254613345,274.48078056822186,left
339.85749707927357,274.9615611364437,left
339.7146193558683,275.48228847550723,left
339.58271853557926,275.96457695101446,left
339.45544988212436,276.4859781375518,left
339.33786905961637,276.97195627510365,left
339.2349487864176,277.4906709957718,left
339.13881360082814,277.9813419915436,left
339.0643678302113,278.49496338255915,left
338.99357764780154,278.9899267651183,left
338.9436552655154,279.49764397413395,left
338.89471450820565,280.0,left
338.85727357806434,280.4985962061129,left
338.8196218186058,281.0,left
338.7815523331297,281.4985486077361,left
338.7432611892,282.0,left
338.7004608568234,282.4981647634553,left
338.65766052444684,282.9963295269106,left
338.6124211371694,283.4979777415638,left
338.56713223457336,284.0,left
338.48512999076155,284.9966321447805,left
338.4560362557906,285.4991689111246,left
338.4271236695349,286.0,left
338.41132761202533,286.99987523450034,left
338.43200484785905,287.49957218737904,left
338.4526840547417,287.99914437475815,left
338.50768773683757,288.4969693047856,left
338.5626560013265,288.9939386095712,left
338.6545272011115,289.4916120624545,left
338.745727968922,289.98322412490904,left
338.87468088702684,290.4839050549577,left
339.00052165063863,290.9678101099154,left
339.16456972351415,291.4751469972682,left
339.3202467320511,291.9502939945364,left
339.5150910668352,292.46702976297126,left
339.69364974206263,292.9340595259426,left
339.911733915288,293.4613023986351,left
340.1369665749371,294.0,left
340.3352513221509,294.4590023518702,left
340.5335360693647,294.9180047037404,left
340.76348031478096,295.46060914766065,left
340.9912742022425,296.0,left
341.35496058357,296.9315214522688,left
341.5432320736934,297.47318720610656,left
341.7230746643618,298.0,left
341.85921026119456,298.4811102776651,left
341.9953458580274,298.9622205553302,left
342.1179396042531,299.48731671296844,left
342.23566821217537,300.0,left
342.3279693818382,300.49140664838694,left
342.420270551501,300.9828132967739,left
342.48725570573583,301.4959183896525,left
342.5510126724489,301.99183677930506,left
342.57751593607617,302.49935168517806,left
342.60296970809156,302.99870337035617,left
342.5846510479026,303.49966188649523,left
342.56624141242355,304.0,left
342.4406290119954,304.99207939443306,left
342.3358201026518,305.4891056185686,left
342.23201406292094,305.97821123713726,left
342.08888887501246,306.48043472329203,left
341.93910741154104,307.0,left
341.77365523120835,307.47183214814504,left
341.60820305087566,307.9436642962901,left
341.40452576602195,308.4649434949796,left
341.19286774937063,309.0,left
340.99869345718827,309.4607562742443,left
340.77144257724285,310.0,left
340.37876716740607,310.9196771294914,left
340.15391933387383,311.46226596267184,left
339.9322580676526,312.0,left
339.7552819637168,312.4676317553757,left
339.5538062155247,313.0,left
339.39831891806193,313.47520911221034,left
339.22660858090967,314.0,left
338.97298660864607,314.9673034142321,left
338.87228386322147,315.4914387929594,left
338.7769440608099,316.0,left
338.66927717581495,316.99418702560206,left
338.6532609476153,317.49976319326424,left
338.63787424367,317.99952638652854,left
338.65640720555734,318.499655870205,left
338.6749547490512,318.99931174041006,left
338.7185773951366,319.4980956666081,left
338.7625078558922,320.0,left
338.9120901746051,320.9887492755641,left
339.07765480595907,321.4723865549846,left
339.26067461352795,322.0,left
339.7912030765498,322.8476671221203,left
340.22301999787715,323.3698426079131,left
340.55949651321225,323.73968521582617,left
341.1731176202917,324.32867679321436,left
341.54990876350274,324.65735358642877,left
341.92669990671385,324.9860303796431,left
342.33894718103863,325.30495847629214,left
342.7351798497291,325.60991695258434,left
343.2420149073005,326.0,left
344.0454002692976,326.5954594529678,left
344.44709295029617,326.8931891794518,left
344.98660648626685,327.3060296855945,left
345.38201239357596,327.61205937118905,left
345.777418300885,327.91808905678363,left
346.2576332502022,328.3314185150702,left
346.6320150978774,328.6628370301404,left
347.0063969455525,328.99425554521065,left
347.34358694538395,329.3750159172936,left
347.67428780987706,329.75003183458716,left
348.1420132630875,330.43456284490316,left
348.4637852348387,331.0,left
348.6763930830688,331.977137606927,left
348.6095320849204,332.494812760639,left
348.5361904986203,333.0,left
348.0960215549155,333.89791497425864,left
347.7350576550125,334.39157170607416,left
347.4241370879827,334.7831434121484,left
346.891964656332,335.3470064265939,left
346.2145550735295,336.0,left
345.8292621486207,336.3186681063666,left
345.0586762988032,336.95600431909975,left
344.6080397405551,337.3033799536043,left
343.8131545821805,337.9101398608129,left
343.2940512733302,338.29814825999966,left
342.4912870113973,338.894444779999,left
341.9473688296406,339.2975653616801,left
341.14373992142936,339.8926960850402,left
340.5976220852829,340.29836499043745,left
340.196401033391,340.5967299808749,left
339.7951799814991,340.89509497131235,left
339.2595400853798,341.30710576961224,left
338.86496937400995,341.61421153922447,left
338.36930682882667,342.0,left
337.9913902928086,342.3273821800345,left
337.2355572207725,342.9821465401034,left
336.8700365169684,343.3619891211859,left
336.2621253542602,344.0,left
335.69068113096256,344.82064090786395,left
335.38030853993394,345.46432527356376,left
335.1948306697447,345.9286505471276,left
335.12537850475036,346.4983201820499,left
335.08442736115495,346.9966403640998,left
335.1979341671048,347.4868813538433,left
335.3117170624789,347.9737627076866,left
335.5500667853884,348.44280327130076,left
335.78228492190095,348.8856065426015,left
336.1469231918478,349.39647203503847,left
336.45157040656085,349.792944070077,left
336.95426686920655,350.3632382288321,left
337.29786254600555,350.72647645766415,left
337.9171975800509,351.3463607311289,left
338.59771360456944,352.0,left
339.32010360957014,352.6914858499457,left
339.986490955231,353.36277477808886,left
340.59088693000376,354.0,left
341.1965227273506,354.7957419688392,left
341.57389838692336,355.448055131079,left
341.7958141356069,355.896110262158,left
341.9341694043817,356.49239047416154,left
342.02106946741384,356.9847809483231,left
341.94612299473624,357.493936440078,left
341.86849057133577,357.9878728801561,left
341.6602664176543,358.4554479463838,left
341.41358409356326,359.0,left
340.87325442825727,359.8414534168867,left
340.4967297408596,360.41776933839293,left
340.2220139242441,360.8355386767859,left
339.8800572798597,361.441964514008,left
339.5848422255367,362.0,left
339.4327391554278,362.4763031136403,left
339.26550131477416,363.0,left
339.1898686447904,363.9971357476448,left
339.2704172859349,364.493433754714,left
339.35333272395656,365.0,left
339.7017036084416,365.9373567767094,left
339.95869285323397,366.4420188815803,left
340.19240059449754,366.8840377631606,left
340.5184588434152,367.42415760770217,left
340.78320461548407,367.8483152154044,left
341.1503526368266,368.41923675861,left
341.4228238100361,368.83847351722005,left
341.7880920220948,369.42690729931854,left
342.0483806268944,369.85381459863714,left
342.36404590448626,370.44573750522443,left
342.59058083873765,370.8914750104489,left
342.813044784925,371.4711769874627,left
342.98035362057215,371.94235397492537,left
343.08131193169834,372.49347900466773,left
343.1639281027019,373.0,left
343.1104605849456,373.998569589235,left
342.9765637865082,374.4817594335683,left
342.8427435781391,374.9635188671366,left
342.6113238860879,375.4483663953704,left
342.33907133340836,376.0,left
342.05652577656036,376.4125142522453,left
341.65413607284427,377.0,left
341.0115112553164,377.7661810124881,left
340.4730674988396,378.36443037583183,left
340.13073651693605,378.7288607516637,left
339.5258350918715,379.35687104222063,left
338.89472046867013,380.0,left
338.19704954060165,380.7164183666881,left
337.57428757257253,381.36037150635985,left
337.22768639339984,381.72074301271977,left
336.6185364324509,382.36608236955004,left
336.2779726370988,382.7321647391001,left
335.70424842972983,383.38034387289764,left
335.1754770167172,384.0,left
334.882046816707,384.404844065934,left
334.4506789408624,385.0,left
334.21214537372134,385.4394334276622,left
333.9078582264483,386.0,left
333.757694893144,386.47691820402554,left
333.6075315598397,386.9538364080511,left
333.56568740210383,387.4992536612136,left
333.53837839690743,387.9985073224272,left
333.6460810410797,388.4882443508686,left
333.7590556629002,389.0,left
333.9789873114177,389.4490323707489,left
334.2488458491862,390.0,left
334.5441453369953,390.403482604953,left
334.83944482480445,390.806965209906,left
335.32066765268934,391.3666568923498,left
335.907870400697,392.0,left
336.27154389293946,392.3431349458161,left
336.96772599592805,393.0,left
337.7120637992382,393.66780329032093,left
338.4506407831425,394.33815515969405,left
338.8189491973449,394.6763103193881,left
339.5224838947363,395.356106561678,left
340.15711072832346,396.0,left
340.78992153531294,396.7743064526125,left
341.23479236191974,397.4268270412253,left
341.5845026616007,398.0,left
341.9572925231517,398.92791579312177,left
299.75,0.0,right
300.00945427738986,0.4274148780097755,right
300.3570314599201,1.0,right
300.6204714321104,1.4249698589928395,right
300.88391140430065,1.8499397179856791,right
301.2111727958873,2.441737785957056,right
301.4454114102483,2.8834755719141123,right
301.6955013471392,3.4631875904711706,right
301.9137332267128,4.0,right
302.2015634203958,4.957681460405491,right
302.3352137912403,5.4851551852565885,right
302.46354591473937,6.0,right
302.7301713791029,6.9638002187968855,right
302.9233533665639,7.465241440402794,right
303.13389026373625,8.0,right
303.3933833749057,8.427391302269504,right
303.74104607105255,9.0,right
304.07690833445,9.370400512993086,right
304.647800385952,10.0,right
305.04193056443216,10.307670932021862,right
305.43606074291233,10.615341864043724,right
305.9288124591112,11.0,right
306.7922694532503,11.504422461110066,right
307.6405859440565,12.0,right
308.0948259824151,12.20896408196626,right
309.0033060591322,12.62689224589878,right
309.4575460974908,12.835856327865041,right
310.2821655556486,13.176507789248534,right
310.74997427760087,13.35301557849707,right
311.6855917215054,13.706031156994138,right
312.46471421420574,14.0,right
312.94074458395045,14.152954526185837,right
313.8928053234398,14.458863578557514,right
314.3688356931845,14.611818104743351,right
314.8448660629292,14.76477263092919,right
315.57694882154465,15.0,right
316.05807813083356,15.136068320130699,right
317.02033674941134,15.408204960392098,right
317.9825953679891,15.680341600653495,right
318.46372467727804,15.816409920784194,right
319.1128880381584,16.0,right
319.59722006009963,16.12418732834851,right
320.08155208204084,16.24837465669702,right
320.56588410398206,16.37256198504553,right
321.05021612592327,16.496749313394037,right
321.5345481478645,16.62093664174255,right
322.0188801698057,16.745123970091058,right
322.98754421368807,16.993498626788078,right
323.4992322833324,17.116105833507426,right
323.98556492199197,17.23221166701485,right
324.958230199311,17.464423334029703,right
325.9308954766301,17.696635001044555,right
326.90356075394914,17.928846668059407,right
327.68908474412655,18.111172846308886,right
328.6640526374309,18.33351853892666,right
329.63902053073525,18.555864231544437,right
330.61398842403963,18.778209924162212,right
331.5865199826658,19.0,right
332.0745549434476,19.108728455588665,right
332.5625899042294,19.21745691117733,right
333.05062486501123,19.326185366765994,right
333.53865982579305,19.434913822354662,right
334.5147297473566,19.652370733531992,right
335.00276470813844,19.761099189120657,right
335.49079966892026,19.86982764470932,right
335.9788346297021,19.978556100297986,right
336.5630307159332,20.109137256149555,right
337.050974421006,20.21827451229911,right
337.5389181260788,20.327411768448666,right
338.02686183115156,20.43654902459822,right
339.00274924129707,20.654823536897332,right
339.49069294636985,20.763960793046888,right
339.9786366514426,20.873098049196443,right
340.4665803565154,20.982235305346,right
341.0326700029707,21.11470407867348,right
341.5193351592493,21.229408157346956,right
342.49266547180645,21.458816314693912,right
342.97933062808505,21.573520393367392,right
343.46599578436366,21.68822447204087,right
343.95266094064226,21.80292855071435,right
344.43932609692087,21.917632629387825,right
345.27269938022704,22.125837348535953,right
346.2405112663153,22.37751204560786,right
346.7244172093595,22.503349394143815,right
347.6922290954478,22.75502409121572,right
348.6342808753252,23.0,right
349.59234219455544,23.286563271538476,right
350.5504035137857,23.573126543076956,right
351.50846483301586,23.859689814615436,right
352.44839065757503,24.16828407219412,right
353.39004977009034,24.504852216582357,right
354.3317088826056,24.841420360970595,right
355.23250105312337,25.202600234685995,right
356.1467289129158,25.60780070405799,right
356.60384284281207,25.81040093874399,right
357.4662295962074,26.247218844277068,right
358.3354426725801,26.741656532831204,right
358.7896061092615,27.0,right
359.18948301713357,27.30016405272899,right
359.5893599250056,27.600328105457983,right
360.12180063501,28.0,right
360.4763675482141,28.352536954177737,right
360.8309344614182,28.70507390835547,right
361.4371428008603,29.392629258023536,right
361.9160482119769,30.0,right
362.4827840427402,30.823899567986906,right
362.891337465615,31.409133470899725,right
363.1787566768545,31.818266941799447,right
363.6240784687903,32.38613024461322,right
364.12908313423395,33.0,right
364.8485974435821,33.694477615653106,right
365.56325734326686,34.302486369110376,right
365.96138043541606,34.60497273822075,right
366.48130295425653,35.0,right
367.3344373555075,35.521691185858266,right
368.1166274994612,36.0,right
368.5619227590504,36.22740301622315,right
369.0072180186396,36.45480603244629,right
369.897808537818,36.909612064892585,right
370.53166745248524,37.20316459920386,right
370.98853082990826,37.40632919840772,right
371.9022575847542,37.812658396815436,right
372.7863996795556,38.1891036979703,right
373.2492601244134,38.378207395940606,right
374.174981014129,38.75641479188121,right
374.7711933515966,39.0,right
375.2356973565512,39.18502980673697,right
375.70020136150583,39.37005961347395,right
376.16470536646045,39.55508942021092,right
376.6292093714151,39.7401192269479,right
377.0937133763697,39.92514903368487,right
377.743805271095,40.19075117563511,right
378.6681731394111,40.57225352690533,right
379.1303570735692,40.76300470254044,right
379.5925410077273,40.95375587817555,right
380.1632941064204,41.198971465579454,right
380.62199919238,41.397942931158916,right
381.53940936429905,41.795885862317824,right
381.99811445025864,41.99485732789728,right
382.46360377833065,42.21027753139093,right
383.37087079479744,42.63083259417278,right
383.82450430303084,42.84111012556371,right
384.6118848723554,43.22874751147027,right
385.05649096317757,43.457495022940535,right
385.50109705399973,43.6862425344108,right
385.9457031448219,43.91499004588107,right
386.53914063985945,44.25814397431013,right
386.96734816960105,44.51628794862026,right
387.7697265446186,45.0,right
388.1662758505932,45.30454662685883,right
388.9593744625423,45.9136398805765,right
389.4033979355766,46.374243967088795,right
389.9578078314662,47.0,right
390.35373215911227,47.91828314085471,right
390.37014300248654,48.499645608098156,right
390.35129433870316,49.0,right
390.1310709484965,49.4488893609854,right
389.9108475582898,49.897778721970795,right
389.5260958644377,50.37153907131296,right
388.9601136930287,51.0,right
388.18097910036835,51.62685667143297,right
387.7171906642616,52.0,right
386.8853535860626,52.55501988733139,right
386.2184388227761,53.0,right
385.36341569704183,53.518589871150276,right
384.56969253346324,54.0,right
383.7086370829927,54.508511072853864,right
382.8764050193131,55.0,right
382.4496234493048,55.2604947053229,right
381.59606030928825,55.7814841159687,right
380.82147531083467,56.276516851036064,right
380.4048958693195,56.55303370207213,right
379.9883164278043,56.82955055310819,right
379.3309197934828,57.29918447385135,right
378.93030944588014,57.598368947702696,right
378.39252232946455,58.0,right
377.625765583773,58.641937764067904,right
377.19808139046654,59.0,right
376.8193111871393,59.326394137618074,right
376.44054098381207,59.65278827523615,right
376.06177078048484,59.97918241285422,right
375.63957875558407,60.30260377094173,right
374.84351102527,60.90781131282518,right
374.2984193201957,61.26526976415309,right
373.45075912359295,61.795809292459275,right
372.68061953438405,62.23011959541795,right
372.2367220554492,62.460239190835914,right
371.34892709757963,62.92047838167183,right
370.7379529046276,63.201549692666454,right
370.2803748004901,63.40309938533291,right
369.8227966963526,63.60464907799936,right
368.92523181810975,64.0,right
368.45891344556225,64.1804083574136,right
367.5262767004673,64.54122507224078,right
366.59363995537234,64.90204178706796,right
365.8686491160861,65.16557496470064,right
365.3968600413245,65.33114992940129,right
364.45328189180134,65.66229985880257,right
363.5097037422782,65.99344978820386,right
363.0159044435704,66.15571321123328,right
362.54076930926914,66.31142642246657,right
361.59049904066677,66.62285284493313,right
360.64022877206435,66.9342792673997,right
359.96262543139824,67.14969140205837,right
359.00849235021974,67.44907420617508,right
358.53142580963043,67.59876560823345,right
357.57729272845194,67.89814841235017,right
356.7747228909767,68.14678496951719,right
356.29675409207465,68.29356993903437,right
355.34081649427065,68.58713987806875,right
354.8628476953686,68.73392484758594,right
353.9964400418103,69.0,right
353.04016576808476,69.29247138904638,right
352.08389149435925,69.58494277809277,right
351.60575435749644,69.73117847261595,right
350.72680646553636,70.0,right
349.7713340710356,70.2950805031631,right
348.81586167653484,70.5901610063262,right
347.8603892820341,70.8852415094893,right
347.01188819052527,71.1501816758445,right
346.0580633339808,71.4505450275335,right
345.5811509057085,71.60072670337799,right
344.627326049164,71.90109005506699,right
343.8374193256692,72.15363475554658,right
342.8857967914926,72.46090426663972,right
341.9341742573161,72.76817377773286,right
341.2162017636001,73.0,right
340.7415757847166,73.15725832305121,right
339.7923238269496,73.47177496915364,right
338.8430718691826,73.78629161525608,right
338.19807229563594,74.0,right
337.72452920833535,74.16048970206788,right
337.25098612103477,74.32097940413577,right
336.7774430337342,74.48146910620365,right
336.3038999464336,74.64195880827153,right
335.3568137718325,74.9629382124073,right
334.77470793506615,75.16280865398511,right
334.30195711043694,75.32561730797022,right
333.3564554611786,75.65123461594042,right
332.4109538119203,75.97685192391064,right
331.87137551431124,76.16393116825473,right
330.926650004812,76.49179350476419,right
329.9819244953128,76.81965584127364,right
329.46226819977164,77.0,right
328.9899273861796,77.16399437738905,right
328.0452457589956,77.49198313216715,right
327.57290494540354,77.65597750955621,right
327.1005641318115,77.81997188694525,right
326.5820425413549,78.0,right
325.636920162291,78.32671652635368,right
324.6917977832271,78.65343305270736,right
323.7466754041632,78.98014957906103,right
323.21664111466123,79.16321356351423,right
322.74402992913446,79.32642712702848,right
321.798807558081,79.65285425405695,right
320.85358518702753,79.97928138108543,right
320.3212161541716,80.1638960766733,right
319.37646629087214,80.4916882300199,right
318.43171642757267,80.81948038336651,right
317.9114297721535,81.0,right
316.96564433326546,81.32479209286457,right
316.0198588943774,81.64958418572914,right
315.0740734554894,81.97437627859371,right
314.52537377014306,82.15888435514489,right
314.051289640805,82.31776871028978,right
313.10312138212896,82.63553742057957,right
312.1549531234529,82.95330613086935,right
311.54008043275,83.15445370608552,right
310.5889883180178,83.46336111825654,right
309.6378962032856,83.77226853042757,right
309.16235014591945,83.92672223651309,right
308.4598307925857,84.15020482084921,right
307.9829256533875,84.30040964169844,right
307.5060205141893,84.45061446254765,right
306.5522102357929,84.75102410424608,right
306.0753050965947,84.9012289250953,right
305.2837464206357,85.14682229344339,right
304.327831750494,85.44046688033019,right
303.3719170803523,85.73411146721699,right
302.50635796412826,86.0,right
302.0277957952002,86.1448387050165,right
301.070671457344,86.43451611504948,right
300.11354711948786,86.72419352508246,right
299.2022537961602,87.0,right
298.72358115184977,87.14447317947928,right
298.2449085075393,87.28894635895855,right
297.2875632189185,87.57789271791711,right
296.80889057460803,87.72236589739639,right
296.3302179302976,87.86683907687566,right
295.4109929358057,88.1465775796014,right
294.9329604963644,88.29315515920281,right
293.97689561748183,88.58631031840561,right
293.0208307385992,88.87946547760842,right
292.1512236180404,89.15145770915196,right
291.6747148958343,89.30291541830391,right
290.72169745142224,89.60583083660782,right
290.2451887292162,89.75728854575978,right
289.7686800070101,89.90874625491173,right
289.00784019572654,90.15990214752264,right
288.5340983850135,90.31980429504527,right
288.0603565743005,90.47970644256792,right
287.5866147635875,90.63960859009056,right
287.11287295287445,90.79951073761319,right
286.5188837684691,91.0,right
285.5807333342436,91.34622790581135,right
284.6425829000181,91.69245581162268,right
284.1735076829053,91.86556976452835,right
283.3479990385571,92.19299354629881,right
282.8867469479526,92.38598709259762,right
281.9642427667436,92.77197418519522,right
281.5029906761391,92.96496773149403,right
280.9717013987662,93.22290740915503,right
280.5241387920352,93.44581481831005,right
279.62901357857334,93.89162963662011,right
278.9892419394115,94.26788624302266,right
278.14487955086213,94.80365872906796,right
277.46420597598114,95.33492830068306,right
277.0929607290061,95.66985660136613,right
276.4621105606158,96.42405589474781,right
276.197201900641,96.8481117894956,right
276.0288294525869,97.49457009682874,right
275.95534190722844,97.98914019365749,right
276.09251713605084,98.48035158845653,right
276.2426601136103,99.0,right
276.7901548826754,99.83680910478222,right
277.23847819651166,100.36515938626468,right
277.83227882999927,101.0,right
278.60229777911485,101.63802101689754,right
279.0391653254628,102.0,right
279.45263612898384,102.2811439037854,right
280.27957773602583,102.84343171135623,right
280.94120000293356,103.25283843125341,right
281.37256148438655,103.50567686250683,right
282.21591413393617,104.0,right
282.65864125661267,104.23236328205334,right
283.10136837928917,104.46472656410667,right
283.9868226246421,104.92945312821334,right
284.57119618429545,105.21802962857129,right
285.4711141384781,105.65408888571385,right
285.9210731155694,105.87211851428512,right
286.6395621668803,106.20823781304796,right
287.0941356078302,106.4164756260959,right
288.00328248972994,106.8329512521918,right
288.82547638431714,107.20164919484326,right
289.74054491119165,107.60494758452975,right
290.6369036398828,108.0,right
291.0963719527481,108.19720261020773,right
291.55584026561337,108.39440522041545,right
292.4747768913439,108.7888104408309,right
292.93424520420916,108.98601305103863,right
293.42773190959747,109.1938374313972,right
293.88863000049105,109.3876748627944,right
294.81042618227815,109.77534972558881,right
295.27132427317173,109.96918715698601,right
295.80679424033025,110.19070121955954,right
296.2689987890514,110.38140243911909,right
297.1934078864937,110.76280487823817,right
297.76830019429326,111.0,right
298.2319969333516,111.18704366919704,right
298.6956936724099,111.37408733839408,right
299.6230871505265,111.74817467678817,right
300.0867838895848,111.9352183459852,right
300.71283607571104,112.18262915596452,right
301.1782891790326,112.36525831192905,right
301.6437422823542,112.54788746789357,right
302.1091953856758,112.73051662385811,right
302.57464848899735,112.91314577982263,right
303.2638171716313,113.17650464781818,right
304.1994369860828,113.52951394345452,right
304.6672468933086,113.70601859127268,right
305.13505680053436,113.88252323909086,right
305.9169233011563,114.16919001591431,right
306.3874280710736,114.33838003182863,right
306.8579328409909,114.50757004774295,right
307.32843761090817,114.67676006365727,right
307.79894238082545,114.84595007957158,right
308.70069006403503,115.16106892709873,right
309.6473828351562,115.48320678129618,right
310.59407560627733,115.80534463549363,right
311.06742199183793,115.96641356259235,right
311.642205590506,116.15279874128194,right
312.11828598777385,116.30559748256388,right
313.07044678230943,116.61119496512777,right
314.02260757684496,116.91679244769166,right
314.7603193075227,117.1451790118134,right
315.23877834916465,117.29035802362678,right
316.1956964324484,117.58071604725356,right
316.67415547409036,117.72589505906696,right
317.5775091042742,118.0,right
318.05780266578904,118.13898954913024,right
319.01838978881864,118.41696864739072,right
319.97897691184824,118.6949477456512,right
320.93956403487783,118.97292684391168,right
321.5144860082939,119.13522245233044,right
322.4772214618547,119.40566735699133,right
323.4399569154155,119.67611226165222,right
323.92132464219594,119.81133471398267,right
324.5929392911494,120.0,right
325.5562295107115,120.26846220012507,right
326.5195197302736,120.53692440025014,right
327.4828099498357,120.80538660037521,right
328.18111751182005,121.0,right
329.14463793043313,121.26763483128269,right
330.10815834904616,121.53526966256538,right
331.07167876765925,121.80290449384808,right
331.78124838415533,122.0,right
332.2630779945183,122.13356731103627,right
332.7449076048813,122.26713462207255,right
333.22673721524427,122.40070193310883,right
333.70856682560725,122.53426924414511,right
334.19039643597023,122.66783655518138,right
334.6722260463332,122.80140386621765,right
335.1540556566962,122.93497117725394,right
335.87042769524214,123.13371875718481,right
336.83400290035473,123.40115627155441,right
337.31579050291106,123.53487502873922,right
338.27936570802365,123.80231254310884,right
338.76115331057997,123.93603130029364,right
339.4731996391799,124.13450883747046,right
340.4363348792004,124.40352651241139,right
341.39947011922095,124.67254418735232,right
342.36260535924146,124.94156186229323,right
343.0529383779882,125.13612527655306,right
344.0151647735591,125.40837582965919,right
344.49627797134457,125.54450110621227,right
344.97739116913004,125.68062638276533,right
345.93961756470094,125.95287693587146,right
346.5865271097485,126.13875785541791,right
347.0668876592942,126.27751571083581,right
348.02760875838555,126.55503142167164,right
348.9883298574769,126.83254713250746,right
349.56802857946604,127.0,right
350.52649582504705,127.2852026282283,right
351.4849630706281,127.57040525645661,right
352.4434303162091,127.85560788468491,right
352.92868220154196,128.0,right
353.8839249158555,128.29582318494482,right
354.839167630169,128.59164636988967,right
355.3167889873258,128.73955796236208,right
356.15778243076056,129.0,right
356.6331657752962,129.15495378581403,right
357.1085491198319,129.30990757162806,right
357.58393246436754,129.4648613574421,right
358.5346991534388,129.77476892907012,right
359.01008249797445,129.92972271488415,right
359.69799337256563,130.16409200027567,right
360.17030028067256,130.32818400055137,right
361.1149140968864,130.65636800110275,right
362.0595279131003,130.98455200165412,right
362.57207414681676,131.17578133418357,right
363.5082384968166,131.52734400255073,right
364.4444028468164,131.87890667091787,right
365.2291106255994,132.1905850924073,right
366.1536155148284,132.5717552772219,right
366.61586795944294,132.76234036962921,right
367.0781204040575,132.95292546203652,right
367.6464101451735,133.2092392789159,right
368.5546368220747,133.62771783674768,right
369.3626031698659,134.0,right
370.24791401199633,134.46499969118952,right
371.13322485412675,134.929999382379,right
371.6928917520552,135.2611301990569,right
372.54567781934406,135.7833905971707,right
373.30272450089507,136.2954798321223,right
373.7060750541474,136.59095966424465,right
374.10942560739977,136.88643949636696,right
374.6364744686907,137.33405543943408,right
375.37812361028045,138.0,right
375.70827373848994,138.3755008559821,right
376.2573496438563,139.0,right
376.8176570411105,139.828284746076,right
377.1630119664484,140.44437547120148,right
377.4495860110037,141.0,right
377.81997387385553,141.92887718835811,right
377.9999259591161,142.4764660137452,right
378.16649307496846,143.0,right
378.2955045660187,143.4830693896088,right
378.4335592435673,144.0,right
378.66494896878385,144.972861138634,right
378.7806952574461,145.48790918945616,right
378.89540338888764,146.0,right
379.109362069746,146.97684271143586,right
379.2203750063147,147.48864767669946,right
379.32631578248817,147.97729535339892,right
379.4341914755625,148.489285838217,right
379.54165355768055,149.0,right
379.73212628496043,149.9816924875757,right
379.8153406783924,150.49361312881885,right
379.8950029596657,150.9872262576377,right
379.95112226354075,151.49706916447965,right
380.0058175381273,152.0,right
380.0231057467853,152.49970102845742,right
380.0404146425426,153.0,right
379.97894984641187,153.99810925195422,right
379.89142271000316,154.4923000804467,right
379.8040120081861,154.98460016089345,right
379.6530965730334,155.4775378100157,right
379.50491546760696,155.9550756200314,right
379.28386862185164,156.45508989523083,right
379.07676191684476,156.91017979046165,right
378.77677115580514,157.42762094123606,right
378.4299412732944,158.0,right
378.12873677294306,158.39909378467738,right
377.6752201728523,159.0,right
377.0091421451767,159.74588206912875,right
376.424125723942,160.34896058942473,right
375.7560590566136,161.0,right
375.3722890346083,161.32050049954728,right
374.6047489905977,161.96150149864184,right
374.1528462705295,162.29210080514346,right
373.3412376958224,162.8763024154304,right
372.7467517577731,163.26716545202328,right
371.9014763677488,163.80149635606986,right
371.15297562664574,164.2474387274204,right
370.7184942390437,164.49487745484078,right
369.8495314638397,164.98975490968158,right
369.38910377615053,165.2329129826342,right
368.5042274175095,165.69873894790257,right
367.9319562204182,166.0,right
367.4844223637222,166.22296512532415,right
366.5893546503302,166.66889537597243,right
366.1418207936342,166.89186050129658,right
365.47421988483677,167.21681781945296,right
365.0236757325413,167.43363563890594,right
364.1225874279503,167.86727127781188,right
363.3948264368328,168.21386618699898,right
362.94287372463987,168.427732373998,right
362.0389683002541,168.85546474799597,right
361.2813199065501,169.21332315714886,right
360.37690135162313,169.63996947144656,right
359.613697078079,170.0,right
358.71046803080674,170.42915881461718,right
358.25885350717056,170.64373822192576,right
357.50904719904065,171.0,right
357.05857666880803,171.21697073856154,right
356.1576356083428,171.6509122156846,right
355.70716507811017,171.86788295424614,right
354.9837885505077,172.21983923085966,right
354.08563330206783,172.65951769257902,right
353.39011146500707,173.0,right
352.9423117684923,173.22243073483958,right
352.4945120719775,173.44486146967915,right
352.04671237546273,173.66729220451873,right
351.59891267894795,173.8897229393583,right
350.92999542216444,174.22422010314673,right
350.03618258863634,174.6726603094402,right
349.38374239206314,175.0,right
348.9371311988085,175.22480756673139,right
348.4905200055539,175.44961513346277,right
348.04390881229926,175.67442270019416,right
347.397104665637,176.0,right
346.5032086085758,176.4482742901064,right
345.60931255151456,176.8965485802128,right
344.95531815385294,177.22262389224093,right
344.50761445428867,177.44524778448184,right
343.61220705516024,177.8904955689637,right
342.94345060245297,178.22093494842838,right
342.4949110294352,178.44186989685676,right
341.5978318833997,178.88373979371352,right
340.9130761663664,179.22055689109752,right
340.01562498041943,179.66167067329258,right
339.3272899799049,180.0,right
338.43155333445304,180.44458504472672,right
337.5358166890012,180.88917008945342,right
336.865263524829,181.2235212150734,right
336.4180071482259,181.44704243014678,right
335.5234943950198,181.89408486029356,right
334.86441000227995,182.2237284770206,right
334.4172572671099,182.44745695404117,right
333.52295179676986,182.89491390808234,right
332.8655314202196,183.2232514650944,right
332.4181403347773,183.44650293018879,right
331.5233581638928,183.8930058603776,right
330.86129074865005,184.22272484855213,right
329.9659837804265,184.6681745456564,right
329.5183302963147,184.89089939420853,right
328.8513544390651,185.22264112086876,right
328.40365930697374,185.4452822417375,right
327.508269042791,185.89056448347498,right
326.8409645579503,186.22353910409694,right
325.94646968610465,186.67061731229086,right
325.2874549552798,187.0,right
324.84127572997147,187.22566368538878,right
324.3950965046631,187.45132737077756,right
323.50273805404646,187.9026547415551,right
322.86640376568795,188.23018311671228,right
321.9786746791292,188.69054935013685,right
321.5348101358498,188.92073246684913,right
320.9419453364488,189.23746391234903,right
320.06192058604256,189.7123917370471,right
319.5289924722165,190.0,right
319.09501129060214,190.24831498948842,right
318.2270489273735,190.7449449684653,right
317.7930677457592,190.9932599579537,right
317.3565105512248,191.2637498734276,right
316.93173295733953,191.5274997468552,right
316.170756210573,192.0,right
315.75993657135723,192.2850039017884,right
315.34911693214144,192.5700078035768,right
314.93829729292565,192.8550117053652,right
314.3399934474811,193.3137477687666,right
313.5613732895248,193.9412433062998,right
313.1325353969255,194.3511603236393,right
312.77660502859266,194.7023206472786,right
312.17097975394665,195.397043278201,right
311.7094684485346,196.0,right
311.48403175010304,196.44629395581867,right
311.2585950516715,196.89258791163735,right
311.08566424470615,197.48571242212765,right
310.96000881958753,198.0,right
310.9608579812898,198.4999992789239,right
310.9617071454413,199.0,right
311.1717073099634,199.9777013505671,right
311.35812827404203,200.46584334113112,right
311.5663949525915,201.0,right
312.06297387626563,201.86799157401592,right
312.4412326621619,202.3979328307943,right
312.7439692839572,202.7958656615886,right
313.2420885180639,203.36397104749616,right
313.8411554098129,204.0,right
314.2122934460183,204.33504709830356,right
314.58343148222366,204.67009419660712,right
315.33966417885404,205.3119027978269,right
316.12124371980366,205.93570839348067,right
316.60622549042654,206.29400142970903,right
317.41508433924764,206.88200428912705,right
317.99139908011017,207.2803649106998,right
318.40539849659325,207.56072982139958,right
319.05404456704855,208.0,right
319.8956187522278,208.5401415470411,right
320.61210687458515,209.0,right
321.46373033565175,209.5241540618568,right
322.2368647903204,210.0,right
322.6666095454421,210.25557669190556,right
323.5260990556855,210.76673007571665,right
324.35143955963605,211.24984192487304,right
324.78454348778234,211.49968384974605,right
325.6507513440749,211.9993676994921,right
326.0879277746341,212.24460978240467,right
326.9600884349529,212.73382934721397,right
327.39616876511235,212.97843912961864,right
327.87392959806647,213.2387368993868,right
328.31325259185485,213.47747379877362,right
329.19189857943155,213.9549475975472,right
329.71750291374616,214.2324168080197,right
330.6029009651331,214.6972504240591,right
331.17956727184355,215.0,right
331.62575515577174,215.22564656486574,right
332.51813092362806,215.6769396945972,right
333.1569423060864,216.0,right
333.60658478403525,216.21868159964671,right
334.5058697399329,216.65604479894012,right
335.2130937092006,217.0,right
336.1187327142729,217.42404951655647,right
337.0243717193451,217.84809903311293,right
337.8042555805849,218.2062689099275,right
338.2597258175898,218.412537819855,right
339.1706662915996,218.82507563971,right
340.0141356817236,219.20237826237968,right
340.92856017596284,219.60713478713905,right
341.8161198608577,220.0,right
342.7308008070735,220.404176652752,right
343.1881412801814,220.606264979128,right
344.07919205958024,221.0,right
344.9888430039428,221.41537351795742,right
345.8984939483053,221.83074703591484,right
346.7193554197342,222.2175223432797,right
347.619764282805,222.6525670298391,right
348.33884380571544,223.0,right
348.78316918765756,223.2292922915451,right
349.67181995154175,223.6878768746353,right
350.11614533348387,223.9171691661804,right
350.71469223670766,224.24108959256031,right
351.1527285461149,224.48217918512066,right
352.02880116492935,224.9643583702413,right
352.5259838683003,225.25101460336538,right
352.9584092016208,225.50202920673075,right
353.8162683993578,226.0,right
354.6732663010985,226.51531989716293,right
355.4793089814484,227.0,right
356.3329377242635,227.52088191506317,right
356.7597520956711,227.78132287259476,right
357.5456089118468,228.2593377241521,right
358.40058012734266,228.77801317245624,right
359.1962903135167,229.2554958348884,right
359.62608314541916,229.51099166977679,right
360.44868863001466,230.0,right
361.31455530793374,230.50027482054304,right
362.17947067692876,231.0,right
362.6155335842523,231.2446408405327,right
363.4876593988994,231.73392252159812,right
363.96193229034543,232.0,right
364.4004549098782,232.2402038970503,right
365.27750014894366,232.72061169115088,right
365.7875588722527,233.0,right
366.66706593586593,233.47588583195383,right
367.5465729994792,233.9517716639077,right
368.0751136711025,234.23858112720416,right
368.514521278845,234.4771622544083,right
368.9539288865875,234.71574338161247,right
369.39333649433,234.95432450881663,right
369.91456364345686,235.24277552602285,right
370.7887719572227,235.72832657806853,right
371.27790520712733,236.0,right
372.14277211997734,236.5020012181831,right
373.0007434822619,237.0,right
373.42600299440613,237.2629721417391,right
373.85126250655037,237.52594428347822,right
374.2765220186946,237.78891642521734,right
375.03263248106265,238.27923644776,right
375.4473938657676,238.55847289552005,right
376.10321224015206,239.0,right
376.50522995581105,239.29729069325552,right
377.30926538712896,239.89187207976656,right
377.84494479419516,240.3135602738594,right
378.62386701022757,240.94068082157818,right
379.07566461127374,241.32714769350153,right
379.8319036915562,241.98144308050462,right
380.21888899055415,242.34114899937305,right
380.58442607516633,242.6822979987461,right
381.2728844033653,243.35897782660075,right
381.62092882583033,243.7179556532015,right
382.2167149398414,244.38223301619053,right
382.5390469446655,244.76446603238105,right
383.0213681324546,245.41172216569535,right
383.4267229400575,246.0,right
383.6535966633244,246.44556516211554,right
383.93590485677123,247.0,right
384.2321024222409,247.95512669432375,right
384.2957199770585,248.49752360426476,right
384.34591649472713,249.0,right
384.2911229079439,249.49698859428304,right
384.2363293211606,249.99397718856608,right
384.08774427303257,250.47761843565468,right
383.9398232470668,250.95523687130938,right
383.70769895305233,251.4498468353671,right
383.489438043336,251.89969367073422,right
383.17574029390283,252.42397995473553,right
382.91071011074916,252.84795990947106,right
382.5240510972962,253.40615091842346,right
382.2324324568361,253.8123018368469,right
381.7949761817819,254.39796986208253,right
381.33708406612277,255.0,right
380.73590196170613,255.7991120555524,right
380.29808659780053,256.4096484007755,right
380.01140177479436,256.81929680155105,right
379.6220974179704,257.4253396030459,right
379.2669806582853,258.0,right
379.03331225256863,258.4420396771443,right
378.73836655914783,259.0,right
378.5268269943351,259.4530463690605,right
378.2714395970106,260.0,right
378.06152164616805,260.4538000153306,right
377.8516036953255,260.90760003066123,right
377.59035904129473,261.4497295617859,right
377.37185658992206,261.89945912357183,right
377.0953596421638,262.44516962541,right
376.8677107796314,262.8903392508201,right
376.57910230789844,263.44263924229216,right
376.28630527481437,264.0,right
375.8245162383233,264.88698978899237,right
375.5446447074617,265.4484899851719,right
375.32360911485154,265.8969799703438,right
375.0709851356404,266.45744519053017,right
374.8315786905587,267.0,right
374.6588592487848,267.46922062447567,right
374.4634801186621,268.0,right
374.1966406445798,268.9637409896188,right
374.10084301420216,269.49259061880076,right
374.01250484213233,270.0,right
373.9795038200696,270.49890974388444,right
373.9463585652411,271.0,right
373.9663339991519,271.4996008226976,right
373.98634135350585,272.0,right
374.05462675028815,272.49531515683077,right
374.12291214707045,272.99063031366154,right
374.2320669690722,273.4882269483342,right
374.345132060349,274.0,right
374.48242752720887,274.48078056822186,right
374.61972299406875,274.9615611364437,right
374.7871384110355,275.47489682183,right
374.94357692488614,275.94979364366,right
375.1265634497115,276.47148185949754,right
375.3131467886269,277.0,right
375.48277250924696,277.47034786584413,right
375.652398229867,277.94069573168827,right
375.84276492051606,278.4705805005021,right
376.03287249756977,279.0,right
376.2029986965548,279.47016707287827,right
376.39471450820565,280.0,right
376.57402369952126,280.4667421278498,right
376.7533328908369,280.93348425569957,right
376.97474818644935,281.4600414634427,right
377.20463455375284,282.0,right
377.6304762103558,282.90479770308156,right
377.9005897492961,283.44635958644926,right
378.18004808574915,284.0,right
378.6418371950306,284.8869897510959,right
378.92903782425736,285.44480285780423,right
379.1574024837149,285.8896057156085,right
379.43117143568406,286.4504121940059,right
379.6482632491888,286.9008243880118,right
379.89288105078697,287.4596337663827,right
380.0896977187825,287.91926753276545,right
380.29165947203444,288.4711475021895,right
380.47955306619406,289.0,right
380.60956517210946,289.4828010483786,right
380.7488401904702,290.0,right
380.83564144071175,290.49240790301997,right
380.9224426909533,290.98481580603993,right
380.9664579312793,291.49828819123246,right
381.0077965146883,291.996576382465,right
381.0058399887334,292.49999497989546,right
381.00359939038754,293.0,right
380.92417424013024,293.9968408325839,right
380.8550139235547,294.49522884032643,right
380.7861053195279,294.9904576806529,right
380.69592066724994,295.49204110978775,right
380.6070637807478,295.9840822195755,right
380.50398617499775,296.4898564593109,right
380.4037831347675,296.97971291862183,right
380.29444791154066,297.48881083837693,right
380.18444702308625,298.0,right
380.0774137440365,298.4884095383752,right
379.9653004449792,299.0,right
379.7414931952161,299.9746334259369,right
379.6136503198089,300.4848831136908,right
379.49163242744254,300.96976622738157,right
379.36058892796774,301.484524213384,right
379.2292684810236,302.0,right
378.9988055391436,302.9730811026939,right
378.89204927413664,303.48982005625703,right
378.78749600145966,304.0,right
378.70550643972695,304.49323190465225,right
378.62351687799423,304.9864638093045,right
378.55866697304924,305.4960657877232,right
378.49606717871586,305.99213157544636,right
378.4504708473175,306.4980065633616,right
378.40551037248224,307.0,right
378.34567587994786,307.99820831167807,right
378.32521017308204,308.4995853673066,right
378.3048518634,308.99917073461324,right
378.28813961054743,309.49972175155165,right
378.27144257724285,310.0,right
378.2519969411209,310.4996217241432,right
378.23255130499905,310.9992434482864,right
378.2038771860386,311.4991788083286,right
378.17513826675713,312.0,right
378.13143875006307,312.49808669149127,right
378.08773923336895,312.99617338298253,right
378.02368737311326,313.495923637675,right
377.9599712401859,313.99184727535,right
377.8721838921183,314.4924187159196,right
377.7854440038772,314.98483743183925,right
377.67205069380765,315.4875864509526,right
377.5613282803251,315.9751729019053,right
377.42246894513937,316.4819253295774,right
377.2892474126766,316.9638506591548,right
377.12747181526413,317.47640532879734,right
376.9606546862051,318.0,right
376.7970800126429,318.47248632379046,right
376.6144548803568,319.0,right
376.44846183261706,319.471642139871,right
376.2625078558922,320.0,right
376.0900977074962,320.4693343592047,right
375.8951574903913,321.0,right
375.4397047025795,321.8902599384868,right
375.08693369612814,322.4025065565476,right
374.6466089710593,323.0,right
374.29927594464436,323.35966619074003,right
373.6808995567262,324.0,right
373.3041084135151,324.32867679321436,right
372.92731727030406,324.65735358642877,right
372.55052612709295,324.9860303796431,right
372.1448886923438,325.31335930021714,right
371.36564303411416,325.9400779006514,right
370.902166106544,326.3141676215065,right
370.51319476364455,326.628335243013,right
370.0530361421406,327.0,right
369.3049424530873,327.6635931226275,right
368.9308956085606,327.9953896839413,right
368.5884577826952,328.36914615593497,right
368.0121293403208,329.0,right
367.7494552969116,329.42544370593424,right
367.39471735432744,330.0,right
367.2689056673352,330.48391261547533,right
367.143093980343,330.96782523095067,right
367.2000664417956,331.4957126256559,right
367.26540397132715,331.9914252513119,right
367.50064976835785,332.4418029943278,right
367.7964436598122,333.0,right
368.467358000783,333.7415348589781,right
369.08946652177934,334.31504819612553,right
369.8659834478487,334.94514458837665,right
370.34901679189886,335.27823964228685,right
370.7644475339728,335.55647928457364,right
371.4266541786492,336.0,right
372.28531073677743,336.5125513780913,right
372.7146390158416,336.768827067137,right
373.5378113737076,337.2449350671073,right
374.40960679214277,337.73480520132193,right
374.881559651345,338.0,right
375.7570970270843,338.4831503944773,right
376.1948657149539,338.72472559171604,right
376.63263440282356,338.9663007889547,right
377.13107427180165,339.2422924885353,right
378.0058184629784,339.7268774656059,right
378.49884313717484,340.0,right
378.9348241235917,340.244786804144,right
379.8067860964253,340.73436041243195,right
380.2799072265625,341.0,right
381.14124070277626,341.50804000113527,right
381.9753120653331,342.0,right
382.394025409907,342.2732748343258,right
383.23145209905465,342.8198245029774,right
383.90283231060124,343.30614809879825,right
384.69346077354,343.9184442963947,right
385.15039560863784,344.3554704298658,right
385.7879543788731,345.0,right
386.32771578050324,345.84181805000264,right
386.5585921341107,346.4829514209148,right
386.68804453863225,346.9659028418296,right
386.6437394958747,347.49713546987175,right
386.58967899903655,348.0,right
386.1713142134926,348.9082790904875,right
385.8244191929674,349.39647203503847,right
385.51977197825437,349.792944070077,right
385.00540900496986,350.35183629457026,right
384.65014681753206,350.7036725891405,right
383.9712169546105,351.32529210721736,right
383.5914998954966,351.6505842144348,right
383.1836230009794,352.0,right
382.40756219628685,352.6306580907433,right
381.95306587964296,353.0,right
381.18743200866953,353.6432765934015,right
380.7628564443439,354.0,right
380.4001431546125,354.34414977764374,right
379.70891623198986,355.0,right
379.06855853546176,355.768076832418,right
378.63278799147315,356.4373055558485,right
378.32086832635105,357.0,right
378.07520466210514,357.96935512794295,right
378.07577185183857,358.49993054762956,right
378.0841076867655,359.0,right
378.1761749806994,359.4914505197756,right
378.2682422746333,359.98290103955117,right
378.36557487422346,360.49105974354296,right
378.46313163638115,361.0,right
378.52245540364834,361.998238794396,right
378.4499162739344,362.4946947331329,right
378.37571436725557,363.0,right
378.19817597057323,363.4674185679918,right
377.99588693026453,364.0,right
377.4801149375046,364.8567258905183,right
377.0848301310518,365.3930655073529,right
376.77580018601503,365.78613101470586,right
376.2704367723871,366.36916609543925,right
375.6941949725151,367.0,right
375.34541018684433,367.3582585285581,right
374.7206388451159,368.0,right
374.02848228554984,368.72174739143946,right
373.43257158690983,369.3764511645038,right
373.103505452609,369.75290232900767,right
372.5942151442977,370.40494162026636,right
372.16321973502636,371.0,right
371.93261323633385,371.44364472583453,right
371.6434198021889,372.0,right
371.5112049494404,372.48220248103127,right
371.3789900966919,372.96440496206253,right
371.3680391587591,373.4999985811535,right
371.36684799939394,374.0,right
371.50066820776306,374.4817594335683,right
371.63448841613217,374.9635188671366,right
371.8854013055312,375.4382069022966,right
372.1261806874966,375.8764138045932,right
372.5054841364136,376.39119280840026,right
372.99010660871863,377.0,right
373.34426839114514,377.3529439500381,right
373.6984301735716,377.7058879000762,right
374.3716231367997,378.32720953055696,right
375.1277551969921,378.98162859167087,right
375.53889531752213,379.3129977452532,right
375.92880865592747,379.62599549050645,right
376.39472046867013,380.0,right
376.78907155036507,380.3073877427063,right
377.5777737137549,380.9221632281188,right
378.07519972728755,381.3032150886917,right
378.87033647021843,381.9096452660751,right
379.3868038360151,382.30265304498346,right
379.78480023595137,382.6053060899669,right
380.3038326986134,383.0,right
381.089004482569,383.6192780229267,right
381.5717152245343,384.0,right
382.3299982832086,384.6519254581066,right
382.73485903069377,385.0,right
383.4414341602566,385.7076380333781,right
384.04112971054286,386.3940506948952,right
384.3489024348908,386.7881013897905,right
384.74657831503,387.44282705577467,right
385.03870226815343,388.0,right
385.27678680560086,388.9712444352625,right
385.2663517707414,389.4996942167028,right
385.248867783959,389.99938843340556,right
385.1071334790527,390.4794970824833,right
384.96542057247746,390.9589941649666,right
384.72383342339145,391.4442346206178,right
384.4367544539273,392.0,right
383.8733103049105,392.82615415688525,right
383.4481696922633,393.39498226495886,right
382.9785686545074,394.0,right
382.66709859601536,394.3911347627903,right
382.18224450200796,395.0,right
381.88381816850165,395.4011754273008,right
381.58539183499533,395.8023508546016,right
381.1714235718758,396.4227794722129,right
380.8069691527635,397.0,right
380.58916416832835,397.450067760182,right
380.32303094677627,398.0,right
380.1629566844886,398.47368368195777,right
380.0028824222009,398.94736736391553,right
